logged_at_utc,event,symbol,expiry,window_from,window_to,option_type,strike,instrument_symbol,instrument_token,candles_count,min_required_candles,avg_volume,min_avg_volume,previous_candle_time,candle_time,candle_open,candle_high,candle_low,candle_close,previous_close,current_close,price_multiplier,threshold_upper,change_percent,comparison,signal_detected,skip_reason,note
2026-03-02T15:12:37.864820Z,backtest_start,,,2026-02-23 00:00:00,2026-03-02 20:42:34.569645,,,,,,5,,1,,,,,,,,,1.8,,,,,,"workers=8, frequency=daily, strict_first_candle=True, liquidity_filter=True"
2026-03-02T15:12:38.033443Z,scan_expiry_segment,LT,2026-02-24,2026-02-23T00:00:00,2026-02-24T23:59:59.999999,,,,,,,,,,,,,,,,,1.8,,,,,,
2026-03-02T15:12:38.203191Z,rebalance_cmp_selected,LT,2026-02-24,2026-02-23T00:00:00,2026-02-23T23:59:59.999999,,,,,,,,,,,,,,,,,1.8,,,,,,cmp=4379.4000;source=historical_underlying
2026-03-02T15:12:38.290394Z,scan_strike,LT,2026-02-24,2026-02-23T00:00:00,2026-02-23T23:59:59.999999,CE,4380.0,LT24FEB264380CE,131357,,,,,,,,,,,,,1.8,,,,,,
2026-03-02T15:12:40.877406Z,skip_strike,LT,2026-02-24,2026-02-23T00:00:00,2026-02-23T23:59:59.999999,CE,4380.0,LT24FEB264380CE,131357,0,5,,,,,,,,,,,1.8,,,,,insufficient_candles,
2026-03-02T15:12:40.885344Z,scan_strike,LT,2026-02-24,2026-02-23T00:00:00,2026-02-23T23:59:59.999999,CE,4400.0,LT24FEB264400CE,114259,,,,,,,,,,,,,1.8,,,,,,
2026-03-02T15:12:43.548012Z,skip_strike,LT,2026-02-24,2026-02-23T00:00:00,2026-02-23T23:59:59.999999,CE,4400.0,LT24FEB264400CE,114259,0,5,,,,,,,,,,,1.8,,,,,insufficient_candles,
2026-03-02T15:12:43.557011Z,scan_strike,LT,2026-02-24,2026-02-23T00:00:00,2026-02-23T23:59:59.999999,CE,4420.0,LT24FEB264420CE,131359,,,,,,,,,,,,,1.8,,,,,,
2026-03-02T15:12:46.255270Z,skip_strike,LT,2026-02-24,2026-02-23T00:00:00,2026-02-23T23:59:59.999999,CE,4420.0,LT24FEB264420CE,131359,0,5,,,,,,,,,,,1.8,,,,,insufficient_candles,
2026-03-02T15:12:46.265910Z,scan_strike,LT,2026-02-24,2026-02-23T00:00:00,2026-02-23T23:59:59.999999,CE,4440.0,LT24FEB264440CE,114261,,,,,,,,,,,,,1.8,,,,,,
2026-03-02T15:12:49.011745Z,skip_strike,LT,2026-02-24,2026-02-23T00:00:00,2026-02-23T23:59:59.999999,CE,4440.0,LT24FEB264440CE,114261,0,5,,,,,,,,,,,1.8,,,,,insufficient_candles,
2026-03-02T15:12:49.021258Z,scan_strike,LT,2026-02-24,2026-02-23T00:00:00,2026-02-23T23:59:59.999999,CE,4450.0,LTIM24FEB264450CE,132383,,,,,,,,,,,,,1.8,,,,,,
2026-03-02T15:12:51.610009Z,skip_strike,LT,2026-02-24,2026-02-23T00:00:00,2026-02-23T23:59:59.999999,CE,4450.0,LTIM24FEB264450CE,132383,0,5,,,,,,,,,,,1.8,,,,,insufficient_candles,
2026-03-02T15:12:51.622517Z,scan_strike,LT,2026-02-24,2026-02-23T00:00:00,2026-02-23T23:59:59.999999,CE,4460.0,LT24FEB264460CE,131361,,,,,,,,,,,,,1.8,,,,,,
2026-03-02T15:12:54.241064Z,skip_strike,LT,2026-02-24,2026-02-23T00:00:00,2026-02-23T23:59:59.999999,CE,4460.0,LT24FEB264460CE,131361,0,5,,,,,,,,,,,1.8,,,,,insufficient_candles,
2026-03-02T15:12:54.249443Z,scan_strike,LT,2026-02-24,2026-02-23T00:00:00,2026-02-23T23:59:59.999999,PE,4360.0,LT24FEB264360PE,114258,,,,,,,,,,,,,1.8,,,,,,
2026-03-02T15:12:58.982855Z,skip_strike,LT,2026-02-24,2026-02-23T00:00:00,2026-02-23T23:59:59.999999,PE,4360.0,LT24FEB264360PE,114258,0,5,,,,,,,,,,,1.8,,,,,insufficient_candles,
2026-03-02T15:12:59.013385Z,scan_strike,LT,2026-02-24,2026-02-23T00:00:00,2026-02-23T23:59:59.999999,PE,4350.0,LTIM24FEB264350PE,132362,,,,,,,,,,,,,1.8,,,,,,
2026-03-02T15:13:01.585120Z,skip_strike,LT,2026-02-24,2026-02-23T00:00:00,2026-02-23T23:59:59.999999,PE,4350.0,LTIM24FEB264350PE,132362,0,5,,,,,,,,,,,1.8,,,,,insufficient_candles,
2026-03-02T15:13:01.614650Z,scan_strike,LT,2026-02-24,2026-02-23T00:00:00,2026-02-23T23:59:59.999999,PE,4340.0,LT24FEB264340PE,131356,,,,,,,,,,,,,1.8,,,,,,
2026-03-02T15:13:04.247609Z,skip_strike,LT,2026-02-24,2026-02-23T00:00:00,2026-02-23T23:59:59.999999,PE,4340.0,LT24FEB264340PE,131356,0,5,,,,,,,,,,,1.8,,,,,insufficient_candles,
2026-03-02T15:13:04.255644Z,scan_strike,LT,2026-02-24,2026-02-23T00:00:00,2026-02-23T23:59:59.999999,PE,4320.0,LT24FEB264320PE,114256,,,,,,,,,,,,,1.8,,,,,,
2026-03-02T15:13:09.063982Z,skip_strike,LT,2026-02-24,2026-02-23T00:00:00,2026-02-23T23:59:59.999999,PE,4320.0,LT24FEB264320PE,114256,0,5,,,,,,,,,,,1.8,,,,,insufficient_candles,
2026-03-02T15:13:09.078537Z,scan_strike,LT,2026-02-24,2026-02-23T00:00:00,2026-02-23T23:59:59.999999,PE,4300.0,LTIM24FEB264300PE,132282,,,,,,,,,,,,,1.8,,,,,,
2026-03-02T15:13:11.725148Z,skip_strike,LT,2026-02-24,2026-02-23T00:00:00,2026-02-23T23:59:59.999999,PE,4300.0,LTIM24FEB264300PE,132282,0,5,,,,,,,,,,,1.8,,,,,insufficient_candles,
2026-03-02T15:13:11.751841Z,scan_strike,LT,2026-02-24,2026-02-23T00:00:00,2026-02-23T23:59:59.999999,PE,4280.0,LT24FEB264280PE,114254,,,,,,,,,,,,,1.8,,,,,,
2026-03-02T15:13:12.281745Z,skip_strike,LT,2026-02-24,2026-02-23T00:00:00,2026-02-23T23:59:59.999999,PE,4280.0,LT24FEB264280PE,114254,0,5,,,,,,,,,,,1.8,,,,,insufficient_candles,
2026-03-02T15:13:12.282775Z,rebalance_cmp_selected,LT,2026-02-24,2026-02-24T00:00:00.999999,2026-02-24T23:59:59.999999,,,,,,,,,,,,,,,,,1.8,,,,,,cmp=4396.0000;source=historical_underlying
2026-03-02T15:13:12.291588Z,scan_strike,LT,2026-02-24,2026-02-24T00:00:00.999999,2026-02-24T23:59:59.999999,CE,4400.0,LT24FEB264400CE,114259,,,,,,,,,,,,,1.8,,,,,,
2026-03-02T15:13:14.988735Z,skip_strike,LT,2026-02-24,2026-02-24T00:00:00.999999,2026-02-24T23:59:59.999999,CE,4400.0,LT24FEB264400CE,114259,0,5,,,,,,,,,,,1.8,,,,,insufficient_candles,
2026-03-02T15:13:14.997847Z,scan_strike,LT,2026-02-24,2026-02-24T00:00:00.999999,2026-02-24T23:59:59.999999,CE,4420.0,LT24FEB264420CE,131359,,,,,,,,,,,,,1.8,,,,,,
2026-03-02T15:13:17.700825Z,skip_strike,LT,2026-02-24,2026-02-24T00:00:00.999999,2026-02-24T23:59:59.999999,CE,4420.0,LT24FEB264420CE,131359,0,5,,,,,,,,,,,1.8,,,,,insufficient_candles,
2026-03-02T15:13:17.712955Z,scan_strike,LT,2026-02-24,2026-02-24T00:00:00.999999,2026-02-24T23:59:59.999999,CE,4440.0,LT24FEB264440CE,114261,,,,,,,,,,,,,1.8,,,,,,
2026-03-02T15:13:18.225428Z,skip_strike,LT,2026-02-24,2026-02-24T00:00:00.999999,2026-02-24T23:59:59.999999,CE,4440.0,LT24FEB264440CE,114261,0,5,,,,,,,,,,,1.8,,,,,insufficient_candles,
2026-03-02T15:13:18.234940Z,scan_strike,LT,2026-02-24,2026-02-24T00:00:00.999999,2026-02-24T23:59:59.999999,CE,4450.0,LTIM24FEB264450CE,132383,,,,,,,,,,,,,1.8,,,,,,
2026-03-02T15:13:23.057663Z,skip_strike,LT,2026-02-24,2026-02-24T00:00:00.999999,2026-02-24T23:59:59.999999,CE,4450.0,LTIM24FEB264450CE,132383,0,5,,,,,,,,,,,1.8,,,,,insufficient_candles,
2026-03-02T15:13:23.070271Z,scan_strike,LT,2026-02-24,2026-02-24T00:00:00.999999,2026-02-24T23:59:59.999999,CE,4460.0,LT24FEB264460CE,131361,,,,,,,,,,,,,1.8,,,,,,
2026-03-02T15:13:25.756785Z,skip_strike,LT,2026-02-24,2026-02-24T00:00:00.999999,2026-02-24T23:59:59.999999,CE,4460.0,LT24FEB264460CE,131361,0,5,,,,,,,,,,,1.8,,,,,insufficient_candles,
2026-03-02T15:13:25.768282Z,scan_strike,LT,2026-02-24,2026-02-24T00:00:00.999999,2026-02-24T23:59:59.999999,CE,4480.0,LT24FEB264480CE,114264,,,,,,,,,,,,,1.8,,,,,,
2026-03-02T15:13:26.321601Z,skip_strike,LT,2026-02-24,2026-02-24T00:00:00.999999,2026-02-24T23:59:59.999999,CE,4480.0,LT24FEB264480CE,114264,0,5,,,,,,,,,,,1.8,,,,,insufficient_candles,
2026-03-02T15:13:26.340627Z,scan_strike,LT,2026-02-24,2026-02-24T00:00:00.999999,2026-02-24T23:59:59.999999,PE,4380.0,LT24FEB264380PE,131358,,,,,,,,,,,,,1.8,,,,,,
2026-03-02T15:13:28.985783Z,skip_strike,LT,2026-02-24,2026-02-24T00:00:00.999999,2026-02-24T23:59:59.999999,PE,4380.0,LT24FEB264380PE,131358,0,5,,,,,,,,,,,1.8,,,,,insufficient_candles,
2026-03-02T15:13:28.994300Z,scan_strike,LT,2026-02-24,2026-02-24T00:00:00.999999,2026-02-24T23:59:59.999999,PE,4360.0,LT24FEB264360PE,114258,,,,,,,,,,,,,1.8,,,,,,
2026-03-02T15:13:31.606676Z,skip_strike,LT,2026-02-24,2026-02-24T00:00:00.999999,2026-02-24T23:59:59.999999,PE,4360.0,LT24FEB264360PE,114258,0,5,,,,,,,,,,,1.8,,,,,insufficient_candles,
2026-03-02T15:13:31.635715Z,scan_strike,LT,2026-02-24,2026-02-24T00:00:00.999999,2026-02-24T23:59:59.999999,PE,4350.0,LTIM24FEB264350PE,132362,,,,,,,,,,,,,1.8,,,,,,
2026-03-02T15:13:34.247108Z,skip_strike,LT,2026-02-24,2026-02-24T00:00:00.999999,2026-02-24T23:59:59.999999,PE,4350.0,LTIM24FEB264350PE,132362,0,5,,,,,,,,,,,1.8,,,,,insufficient_candles,
2026-03-02T15:13:34.278723Z,scan_strike,LT,2026-02-24,2026-02-24T00:00:00.999999,2026-02-24T23:59:59.999999,PE,4340.0,LT24FEB264340PE,131356,,,,,,,,,,,,,1.8,,,,,,
2026-03-02T15:13:38.930497Z,skip_strike,LT,2026-02-24,2026-02-24T00:00:00.999999,2026-02-24T23:59:59.999999,PE,4340.0,LT24FEB264340PE,131356,0,5,,,,,,,,,,,1.8,,,,,insufficient_candles,
2026-03-02T15:13:38.940065Z,scan_strike,LT,2026-02-24,2026-02-24T00:00:00.999999,2026-02-24T23:59:59.999999,PE,4320.0,LT24FEB264320PE,114256,,,,,,,,,,,,,1.8,,,,,,
2026-03-02T15:13:41.614732Z,skip_strike,LT,2026-02-24,2026-02-24T00:00:00.999999,2026-02-24T23:59:59.999999,PE,4320.0,LT24FEB264320PE,114256,0,5,,,,,,,,,,,1.8,,,,,insufficient_candles,
2026-03-02T15:13:41.632485Z,scan_strike,LT,2026-02-24,2026-02-24T00:00:00.999999,2026-02-24T23:59:59.999999,PE,4300.0,LTIM24FEB264300PE,132282,,,,,,,,,,,,,1.8,,,,,,
2026-03-02T15:13:42.130373Z,skip_strike,LT,2026-02-24,2026-02-24T00:00:00.999999,2026-02-24T23:59:59.999999,PE,4300.0,LTIM24FEB264300PE,132282,0,5,,,,,,,,,,,1.8,,,,,insufficient_candles,
2026-03-02T15:13:42.130373Z,scan_expiry_segment,LT,2026-02-26,2026-02-25T00:00:00,2026-02-26T23:59:59.999999,,,,,,,,,,,,,,,,,1.8,,,,,,
2026-03-02T15:13:42.277287Z,rebalance_cmp_selected,LT,2026-02-26,2026-02-25T00:00:00,2026-02-25T23:59:59.999999,,,,,,,,,,,,,,,,,1.8,,,,,,cmp=4307.4000;source=historical_underlying
2026-03-02T15:13:42.420932Z,skip_strike,LT,2026-02-26,2026-02-25T00:00:00,2026-02-25T23:59:59.999999,CE,4350.0,,,,,,,,,,,,,,,1.8,,,,,instrument_not_found,
2026-03-02T15:13:42.512599Z,skip_strike,LT,2026-02-26,2026-02-25T00:00:00,2026-02-25T23:59:59.999999,CE,4400.0,,,,,,,,,,,,,,,1.8,,,,,instrument_not_found,
2026-03-02T15:13:42.603699Z,skip_strike,LT,2026-02-26,2026-02-25T00:00:00,2026-02-25T23:59:59.999999,CE,4450.0,,,,,,,,,,,,,,,1.8,,,,,instrument_not_found,
2026-03-02T15:13:42.696809Z,skip_strike,LT,2026-02-26,2026-02-25T00:00:00,2026-02-25T23:59:59.999999,CE,4500.0,,,,,,,,,,,,,,,1.8,,,,,instrument_not_found,
2026-03-02T15:13:42.786401Z,skip_strike,LT,2026-02-26,2026-02-25T00:00:00,2026-02-25T23:59:59.999999,CE,4550.0,,,,,,,,,,,,,,,1.8,,,,,instrument_not_found,
2026-03-02T15:13:42.879003Z,skip_strike,LT,2026-02-26,2026-02-25T00:00:00,2026-02-25T23:59:59.999999,CE,4600.0,,,,,,,,,,,,,,,1.8,,,,,instrument_not_found,
2026-03-02T15:13:42.969591Z,skip_strike,LT,2026-02-26,2026-02-25T00:00:00,2026-02-25T23:59:59.999999,PE,4300.0,,,,,,,,,,,,,,,1.8,,,,,instrument_not_found,
2026-03-02T15:13:43.062188Z,skip_strike,LT,2026-02-26,2026-02-25T00:00:00,2026-02-25T23:59:59.999999,PE,4250.0,,,,,,,,,,,,,,,1.8,,,,,instrument_not_found,
2026-03-02T15:13:43.154788Z,skip_strike,LT,2026-02-26,2026-02-25T00:00:00,2026-02-25T23:59:59.999999,PE,4200.0,,,,,,,,,,,,,,,1.8,,,,,instrument_not_found,
2026-03-02T15:13:43.246884Z,skip_strike,LT,2026-02-26,2026-02-25T00:00:00,2026-02-25T23:59:59.999999,PE,4150.0,,,,,,,,,,,,,,,1.8,,,,,instrument_not_found,
2026-03-02T15:13:43.337483Z,skip_strike,LT,2026-02-26,2026-02-25T00:00:00,2026-02-25T23:59:59.999999,PE,4100.0,,,,,,,,,,,,,,,1.8,,,,,instrument_not_found,
2026-03-02T15:13:43.430080Z,skip_strike,LT,2026-02-26,2026-02-25T00:00:00,2026-02-25T23:59:59.999999,PE,4050.0,,,,,,,,,,,,,,,1.8,,,,,instrument_not_found,
2026-03-02T15:13:43.430080Z,rebalance_cmp_selected,LT,2026-02-26,2026-02-26T00:00:00.999999,2026-02-26T23:59:59.999999,,,,,,,,,,,,,,,,,1.8,,,,,,cmp=4328.0000;source=historical_underlying
2026-03-02T15:13:43.521671Z,skip_strike,LT,2026-02-26,2026-02-26T00:00:00.999999,2026-02-26T23:59:59.999999,CE,4350.0,,,,,,,,,,,,,,,1.8,,,,,instrument_not_found,
2026-03-02T15:13:43.614763Z,skip_strike,LT,2026-02-26,2026-02-26T00:00:00.999999,2026-02-26T23:59:59.999999,CE,4400.0,,,,,,,,,,,,,,,1.8,,,,,instrument_not_found,
2026-03-02T15:13:43.706862Z,skip_strike,LT,2026-02-26,2026-02-26T00:00:00.999999,2026-02-26T23:59:59.999999,CE,4450.0,,,,,,,,,,,,,,,1.8,,,,,instrument_not_found,
2026-03-02T15:13:43.799975Z,skip_strike,LT,2026-02-26,2026-02-26T00:00:00.999999,2026-02-26T23:59:59.999999,CE,4500.0,,,,,,,,,,,,,,,1.8,,,,,instrument_not_found,
2026-03-02T15:13:43.890081Z,skip_strike,LT,2026-02-26,2026-02-26T00:00:00.999999,2026-02-26T23:59:59.999999,CE,4550.0,,,,,,,,,,,,,,,1.8,,,,,instrument_not_found,
2026-03-02T15:13:43.983174Z,skip_strike,LT,2026-02-26,2026-02-26T00:00:00.999999,2026-02-26T23:59:59.999999,CE,4600.0,,,,,,,,,,,,,,,1.8,,,,,instrument_not_found,
2026-03-02T15:13:44.072767Z,skip_strike,LT,2026-02-26,2026-02-26T00:00:00.999999,2026-02-26T23:59:59.999999,PE,4300.0,,,,,,,,,,,,,,,1.8,,,,,instrument_not_found,
2026-03-02T15:13:44.166877Z,skip_strike,LT,2026-02-26,2026-02-26T00:00:00.999999,2026-02-26T23:59:59.999999,PE,4250.0,,,,,,,,,,,,,,,1.8,,,,,instrument_not_found,
2026-03-02T15:13:44.259482Z,skip_strike,LT,2026-02-26,2026-02-26T00:00:00.999999,2026-02-26T23:59:59.999999,PE,4200.0,,,,,,,,,,,,,,,1.8,,,,,instrument_not_found,
2026-03-02T15:13:44.354263Z,skip_strike,LT,2026-02-26,2026-02-26T00:00:00.999999,2026-02-26T23:59:59.999999,PE,4150.0,,,,,,,,,,,,,,,1.8,,,,,instrument_not_found,
2026-03-02T15:13:44.450192Z,skip_strike,LT,2026-02-26,2026-02-26T00:00:00.999999,2026-02-26T23:59:59.999999,PE,4100.0,,,,,,,,,,,,,,,1.8,,,,,instrument_not_found,
2026-03-02T15:13:44.547714Z,skip_strike,LT,2026-02-26,2026-02-26T00:00:00.999999,2026-02-26T23:59:59.999999,PE,4050.0,,,,,,,,,,,,,,,1.8,,,,,instrument_not_found,
2026-03-02T15:13:44.547714Z,scan_expiry_segment,LT,2026-03-30,2026-02-27T00:00:00,2026-03-02T20:42:34.569645,,,,,,,,,,,,,,,,,1.8,,,,,,
2026-03-02T15:13:44.713790Z,rebalance_cmp_selected,LT,2026-03-30,2026-02-27T00:00:00,2026-02-27T23:59:59.999999,,,,,,,,,,,,,,,,,1.8,,,,,,cmp=4276.9000;source=historical_underlying
2026-03-02T15:13:44.784817Z,scan_strike,LT,2026-03-30,2026-02-27T00:00:00,2026-02-27T23:59:59.999999,CE,4280.0,LT30MAR264280CE,131735,,,,,,,,,,,,,1.8,,,,,,
2026-03-02T15:13:44.869741Z,candles_loaded,LT,2026-03-30,2026-02-27T00:00:00,2026-02-27T23:59:59.999999,CE,4280.0,LT30MAR264280CE,131735,13,5,130.769,1,,,,,,,,,1.8,,,,,,
2026-03-02T15:13:44.870742Z,scan_candle,LT,2026-03-30,2026-02-27T00:00:00,2026-02-27T23:59:59.999999,CE,4280.0,LT30MAR264280CE,131735,13,5,130.769,1,2026-02-27T09:15:00+05:30,2026-02-27T09:45:00+05:30,99.0,101.5,94.2,97.4,99.65,97.4,1.8,179.37,-2.2579,97.400000>179.370000,0,,
2026-03-02T15:13:44.870742Z,scan_candle,LT,2026-03-30,2026-02-27T00:00:00,2026-02-27T23:59:59.999999,CE,4280.0,LT30MAR264280CE,131735,13,5,130.769,1,2026-02-27T09:45:00+05:30,2026-02-27T10:15:00+05:30,97.9,105.9,93.75,104.8,97.4,104.8,1.8,175.32000000000002,7.5975,104.800000>175.320000,0,,
2026-03-02T15:13:44.870742Z,scan_candle,LT,2026-03-30,2026-02-27T00:00:00,2026-02-27T23:59:59.999999,CE,4280.0,LT30MAR264280CE,131735,13,5,130.769,1,2026-02-27T10:15:00+05:30,2026-02-27T10:45:00+05:30,105.85,112.5,103.35,109.9,104.8,109.9,1.8,188.64,4.8664,109.900000>188.640000,0,,
2026-03-02T15:13:44.870742Z,scan_candle,LT,2026-03-30,2026-02-27T00:00:00,2026-02-27T23:59:59.999999,CE,4280.0,LT30MAR264280CE,131735,13,5,130.769,1,2026-02-27T10:45:00+05:30,2026-02-27T11:15:00+05:30,112.0,113.3,99.2,103.65,109.9,103.65,1.8,197.82000000000002,-5.687,103.650000>197.820000,0,,
2026-03-02T15:13:44.870742Z,scan_candle,LT,2026-03-30,2026-02-27T00:00:00,2026-02-27T23:59:59.999999,CE,4280.0,LT30MAR264280CE,131735,13,5,130.769,1,2026-02-27T11:15:00+05:30,2026-02-27T11:45:00+05:30,104.0,104.15,100.0,100.0,103.65,100.0,1.8,186.57000000000002,-3.5215,100.000000>186.570000,0,,
2026-03-02T15:13:44.870742Z,scan_candle,LT,2026-03-30,2026-02-27T00:00:00,2026-02-27T23:59:59.999999,CE,4280.0,LT30MAR264280CE,131735,13,5,130.769,1,2026-02-27T11:45:00+05:30,2026-02-27T12:15:00+05:30,99.65,102.25,97.2,100.25,100.0,100.25,1.8,180.0,0.25,100.250000>180.000000,0,,
2026-03-02T15:13:44.870742Z,scan_candle,LT,2026-03-30,2026-02-27T00:00:00,2026-02-27T23:59:59.999999,CE,4280.0,LT30MAR264280CE,131735,13,5,130.769,1,2026-02-27T12:15:00+05:30,2026-02-27T12:45:00+05:30,101.15,105.2,101.15,105.0,100.25,105.0,1.8,180.45000000000002,4.7382,105.000000>180.450000,0,,
2026-03-02T15:13:44.870742Z,scan_candle,LT,2026-03-30,2026-02-27T00:00:00,2026-02-27T23:59:59.999999,CE,4280.0,LT30MAR264280CE,131735,13,5,130.769,1,2026-02-27T12:45:00+05:30,2026-02-27T13:15:00+05:30,104.75,108.8,102.45,107.65,105.0,107.65,1.8,189.0,2.5238,107.650000>189.000000,0,,
2026-03-02T15:13:44.870742Z,scan_candle,LT,2026-03-30,2026-02-27T00:00:00,2026-02-27T23:59:59.999999,CE,4280.0,LT30MAR264280CE,131735,13,5,130.769,1,2026-02-27T13:15:00+05:30,2026-02-27T13:45:00+05:30,106.8,112.95,106.45,109.3,107.65,109.3,1.8,193.77,1.5327,109.300000>193.770000,0,,
2026-03-02T15:13:44.870742Z,scan_candle,LT,2026-03-30,2026-02-27T00:00:00,2026-02-27T23:59:59.999999,CE,4280.0,LT30MAR264280CE,131735,13,5,130.769,1,2026-02-27T13:45:00+05:30,2026-02-27T14:15:00+05:30,108.25,108.55,101.7,102.75,109.3,102.75,1.8,196.74,-5.9927,102.750000>196.740000,0,,
2026-03-02T15:13:44.871741Z,scan_candle,LT,2026-03-30,2026-02-27T00:00:00,2026-02-27T23:59:59.999999,CE,4280.0,LT30MAR264280CE,131735,13,5,130.769,1,2026-02-27T14:15:00+05:30,2026-02-27T14:45:00+05:30,102.85,109.05,93.95,101.05,102.75,101.05,1.8,184.95000000000002,-1.6545,101.050000>184.950000,0,,
2026-03-02T15:13:44.871741Z,scan_candle,LT,2026-03-30,2026-02-27T00:00:00,2026-02-27T23:59:59.999999,CE,4280.0,LT30MAR264280CE,131735,13,5,130.769,1,2026-02-27T14:45:00+05:30,2026-02-27T15:15:00+05:30,100.6,103.0,95.6,98.75,101.05,98.75,1.8,181.89,-2.2761,98.750000>181.890000,0,,
2026-03-02T15:13:44.886281Z,scan_strike,LT,2026-03-30,2026-02-27T00:00:00,2026-02-27T23:59:59.999999,CE,4300.0,LTIM30MAR264300CE,132781,,,,,,,,,,,,,1.8,,,,,,
2026-03-02T15:13:47.541679Z,skip_strike,LT,2026-03-30,2026-02-27T00:00:00,2026-02-27T23:59:59.999999,CE,4300.0,LTIM30MAR264300CE,132781,0,5,,,,,,,,,,,1.8,,,,,insufficient_candles,
2026-03-02T15:13:47.573367Z,scan_strike,LT,2026-03-30,2026-02-27T00:00:00,2026-02-27T23:59:59.999999,CE,4320.0,LT30MAR264320CE,131750,,,,,,,,,,,,,1.8,,,,,,
2026-03-02T15:13:47.658527Z,candles_loaded,LT,2026-03-30,2026-02-27T00:00:00,2026-02-27T23:59:59.999999,CE,4320.0,LT30MAR264320CE,131750,13,5,80.615,1,,,,,,,,,1.8,,,,,,
2026-03-02T15:13:47.658527Z,scan_candle,LT,2026-03-30,2026-02-27T00:00:00,2026-02-27T23:59:59.999999,CE,4320.0,LT30MAR264320CE,131750,13,5,80.615,1,2026-02-27T09:15:00+05:30,2026-02-27T09:45:00+05:30,79.0,81.5,75.75,78.45,79.85,78.45,1.8,143.73,-1.7533,78.450000>143.730000,0,,
2026-03-02T15:13:47.658527Z,scan_candle,LT,2026-03-30,2026-02-27T00:00:00,2026-02-27T23:59:59.999999,CE,4320.0,LT30MAR264320CE,131750,13,5,80.615,1,2026-02-27T09:45:00+05:30,2026-02-27T10:15:00+05:30,77.9,85.5,75.4,83.65,78.45,83.65,1.8,141.21,6.6284,83.650000>141.210000,0,,
2026-03-02T15:13:47.658527Z,scan_candle,LT,2026-03-30,2026-02-27T00:00:00,2026-02-27T23:59:59.999999,CE,4320.0,LT30MAR264320CE,131750,13,5,80.615,1,2026-02-27T10:15:00+05:30,2026-02-27T10:45:00+05:30,85.45,90.5,83.05,89.1,83.65,89.1,1.8,150.57000000000002,6.5152,89.100000>150.570000,0,,
2026-03-02T15:13:47.658527Z,scan_candle,LT,2026-03-30,2026-02-27T00:00:00,2026-02-27T23:59:59.999999,CE,4320.0,LT30MAR264320CE,131750,13,5,80.615,1,2026-02-27T10:45:00+05:30,2026-02-27T11:15:00+05:30,90.5,91.85,79.7,83.25,89.1,83.25,1.8,160.38,-6.5657,83.250000>160.380000,0,,
2026-03-02T15:13:47.658527Z,scan_candle,LT,2026-03-30,2026-02-27T00:00:00,2026-02-27T23:59:59.999999,CE,4320.0,LT30MAR264320CE,131750,13,5,80.615,1,2026-02-27T11:15:00+05:30,2026-02-27T11:45:00+05:30,83.45,83.8,80.6,81.35,83.25,81.35,1.8,149.85,-2.2823,81.350000>149.850000,0,,
2026-03-02T15:13:47.658527Z,scan_candle,LT,2026-03-30,2026-02-27T00:00:00,2026-02-27T23:59:59.999999,CE,4320.0,LT30MAR264320CE,131750,13,5,80.615,1,2026-02-27T11:45:00+05:30,2026-02-27T12:15:00+05:30,80.05,82.2,78.15,80.65,81.35,80.65,1.8,146.43,-0.8605,80.650000>146.430000,0,,
2026-03-02T15:13:47.658527Z,scan_candle,LT,2026-03-30,2026-02-27T00:00:00,2026-02-27T23:59:59.999999,CE,4320.0,LT30MAR264320CE,131750,13,5,80.615,1,2026-02-27T12:15:00+05:30,2026-02-27T12:45:00+05:30,81.45,84.95,81.3,84.7,80.65,84.7,1.8,145.17000000000002,5.0217,84.700000>145.170000,0,,
2026-03-02T15:13:47.658527Z,scan_candle,LT,2026-03-30,2026-02-27T00:00:00,2026-02-27T23:59:59.999999,CE,4320.0,LT30MAR264320CE,131750,13,5,80.615,1,2026-02-27T12:45:00+05:30,2026-02-27T13:15:00+05:30,84.7,88.1,83.25,86.7,84.7,86.7,1.8,152.46,2.3613,86.700000>152.460000,0,,
2026-03-02T15:13:47.659564Z,scan_candle,LT,2026-03-30,2026-02-27T00:00:00,2026-02-27T23:59:59.999999,CE,4320.0,LT30MAR264320CE,131750,13,5,80.615,1,2026-02-27T13:15:00+05:30,2026-02-27T13:45:00+05:30,86.1,91.05,85.55,86.85,86.7,86.85,1.8,156.06,0.173,86.850000>156.060000,0,,
2026-03-02T15:13:47.659564Z,scan_candle,LT,2026-03-30,2026-02-27T00:00:00,2026-02-27T23:59:59.999999,CE,4320.0,LT30MAR264320CE,131750,13,5,80.615,1,2026-02-27T13:45:00+05:30,2026-02-27T14:15:00+05:30,87.55,87.55,82.45,83.1,86.85,83.1,1.8,156.32999999999998,-4.3178,83.100000>156.330000,0,,
2026-03-02T15:13:47.659564Z,scan_candle,LT,2026-03-30,2026-02-27T00:00:00,2026-02-27T23:59:59.999999,CE,4320.0,LT30MAR264320CE,131750,13,5,80.615,1,2026-02-27T14:15:00+05:30,2026-02-27T14:45:00+05:30,82.5,87.25,74.3,80.7,83.1,80.7,1.8,149.57999999999998,-2.8881,80.700000>149.580000,0,,
2026-03-02T15:13:47.659564Z,scan_candle,LT,2026-03-30,2026-02-27T00:00:00,2026-02-27T23:59:59.999999,CE,4320.0,LT30MAR264320CE,131750,13,5,80.615,1,2026-02-27T14:45:00+05:30,2026-02-27T15:15:00+05:30,80.95,83.0,77.9,79.9,80.7,79.9,1.8,145.26000000000002,-0.9913,79.900000>145.260000,0,,
2026-03-02T15:13:47.669139Z,scan_strike,LT,2026-03-30,2026-02-27T00:00:00,2026-02-27T23:59:59.999999,CE,4340.0,LT30MAR264340CE,136914,,,,,,,,,,,,,1.8,,,,,,
2026-03-02T15:13:47.796837Z,candles_loaded,LT,2026-03-30,2026-02-27T00:00:00,2026-02-27T23:59:59.999999,CE,4340.0,LT30MAR264340CE,136914,13,5,80.769,1,,,,,,,,,1.8,,,,,,
2026-03-02T15:13:47.797843Z,scan_candle,LT,2026-03-30,2026-02-27T00:00:00,2026-02-27T23:59:59.999999,CE,4340.0,LT30MAR264340CE,136914,13,5,80.769,1,2026-02-27T09:15:00+05:30,2026-02-27T09:45:00+05:30,70.45,72.65,67.4,69.6,69.25,69.6,1.8,124.65,0.5054,69.600000>124.650000,0,,
2026-03-02T15:13:47.797843Z,scan_candle,LT,2026-03-30,2026-02-27T00:00:00,2026-02-27T23:59:59.999999,CE,4340.0,LT30MAR264340CE,136914,13,5,80.769,1,2026-02-27T09:45:00+05:30,2026-02-27T10:15:00+05:30,69.45,76.5,67.85,75.9,69.6,75.9,1.8,125.27999999999999,9.0517,75.900000>125.280000,0,,
2026-03-02T15:13:47.797843Z,scan_candle,LT,2026-03-30,2026-02-27T00:00:00,2026-02-27T23:59:59.999999,CE,4340.0,LT30MAR264340CE,136914,13,5,80.769,1,2026-02-27T10:15:00+05:30,2026-02-27T10:45:00+05:30,76.75,81.7,74.0,79.25,75.9,79.25,1.8,136.62,4.4137,79.250000>136.620000,0,,
2026-03-02T15:13:47.797843Z,scan_candle,LT,2026-03-30,2026-02-27T00:00:00,2026-02-27T23:59:59.999999,CE,4340.0,LT30MAR264340CE,136914,13,5,80.769,1,2026-02-27T10:45:00+05:30,2026-02-27T11:15:00+05:30,80.95,82.15,70.9,74.25,79.25,74.25,1.8,142.65,-6.3091,74.250000>142.650000,0,,
2026-03-02T15:13:47.797843Z,scan_candle,LT,2026-03-30,2026-02-27T00:00:00,2026-02-27T23:59:59.999999,CE,4340.0,LT30MAR264340CE,136914,13,5,80.769,1,2026-02-27T11:15:00+05:30,2026-02-27T11:45:00+05:30,73.55,74.55,71.25,71.25,74.25,71.25,1.8,133.65,-4.0404,71.250000>133.650000,0,,
2026-03-02T15:13:47.797843Z,scan_candle,LT,2026-03-30,2026-02-27T00:00:00,2026-02-27T23:59:59.999999,CE,4340.0,LT30MAR264340CE,136914,13,5,80.769,1,2026-02-27T11:45:00+05:30,2026-02-27T12:15:00+05:30,71.25,72.95,70.0,72.8,71.25,72.8,1.8,128.25,2.1754,72.800000>128.250000,0,,
2026-03-02T15:13:47.797843Z,scan_candle,LT,2026-03-30,2026-02-27T00:00:00,2026-02-27T23:59:59.999999,CE,4340.0,LT30MAR264340CE,136914,13,5,80.769,1,2026-02-27T12:15:00+05:30,2026-02-27T12:45:00+05:30,72.25,75.55,72.1,75.55,72.8,75.55,1.8,131.04,3.7775,75.550000>131.040000,0,,
2026-03-02T15:13:47.797843Z,scan_candle,LT,2026-03-30,2026-02-27T00:00:00,2026-02-27T23:59:59.999999,CE,4340.0,LT30MAR264340CE,136914,13,5,80.769,1,2026-02-27T12:45:00+05:30,2026-02-27T13:15:00+05:30,75.1,77.95,74.5,77.5,75.55,77.5,1.8,135.99,2.5811,77.500000>135.990000,0,,
2026-03-02T15:13:47.797843Z,scan_candle,LT,2026-03-30,2026-02-27T00:00:00,2026-02-27T23:59:59.999999,CE,4340.0,LT30MAR264340CE,136914,13,5,80.769,1,2026-02-27T13:15:00+05:30,2026-02-27T13:45:00+05:30,76.55,81.7,76.3,77.6,77.5,77.6,1.8,139.5,0.129,77.600000>139.500000,0,,
2026-03-02T15:13:47.797843Z,scan_candle,LT,2026-03-30,2026-02-27T00:00:00,2026-02-27T23:59:59.999999,CE,4340.0,LT30MAR264340CE,136914,13,5,80.769,1,2026-02-27T13:45:00+05:30,2026-02-27T14:15:00+05:30,76.3,76.6,73.2,73.45,77.6,73.45,1.8,139.68,-5.3479,73.450000>139.680000,0,,
2026-03-02T15:13:47.797843Z,scan_candle,LT,2026-03-30,2026-02-27T00:00:00,2026-02-27T23:59:59.999999,CE,4340.0,LT30MAR264340CE,136914,13,5,80.769,1,2026-02-27T14:15:00+05:30,2026-02-27T14:45:00+05:30,73.5,77.7,66.15,71.65,73.45,71.65,1.8,132.21,-2.4506,71.650000>132.210000,0,,
2026-03-02T15:13:47.797843Z,scan_candle,LT,2026-03-30,2026-02-27T00:00:00,2026-02-27T23:59:59.999999,CE,4340.0,LT30MAR264340CE,136914,13,5,80.769,1,2026-02-27T14:45:00+05:30,2026-02-27T15:15:00+05:30,72.1,73.9,68.0,71.15,71.65,71.15,1.8,128.97000000000003,-0.6978,71.150000>128.970000,0,,
2026-03-02T15:13:47.812864Z,scan_strike,LT,2026-03-30,2026-02-27T00:00:00,2026-02-27T23:59:59.999999,CE,4350.0,LTIM30MAR264350CE,137607,,,,,,,,,,,,,1.8,,,,,,
2026-03-02T15:13:52.542582Z,skip_strike,LT,2026-03-30,2026-02-27T00:00:00,2026-02-27T23:59:59.999999,CE,4350.0,LTIM30MAR264350CE,137607,0,5,,,,,,,,,,,1.8,,,,,insufficient_candles,
2026-03-02T15:13:52.574202Z,scan_strike,LT,2026-03-30,2026-02-27T00:00:00,2026-02-27T23:59:59.999999,CE,4360.0,LT30MAR264360CE,131752,,,,,,,,,,,,,1.8,,,,,,
2026-03-02T15:13:52.668650Z,candles_loaded,LT,2026-03-30,2026-02-27T00:00:00,2026-02-27T23:59:59.999999,CE,4360.0,LT30MAR264360CE,131752,13,5,58.692,1,,,,,,,,,1.8,,,,,,
2026-03-02T15:13:52.668650Z,scan_candle,LT,2026-03-30,2026-02-27T00:00:00,2026-02-27T23:59:59.999999,CE,4360.0,LT30MAR264360CE,131752,13,5,58.692,1,2026-02-27T09:15:00+05:30,2026-02-27T09:45:00+05:30,62.3,64.45,59.55,61.95,61.35,61.95,1.8,110.43,0.978,61.950000>110.430000,0,,
2026-03-02T15:13:52.668650Z,scan_candle,LT,2026-03-30,2026-02-27T00:00:00,2026-02-27T23:59:59.999999,CE,4360.0,LT30MAR264360CE,131752,13,5,58.692,1,2026-02-27T09:45:00+05:30,2026-02-27T10:15:00+05:30,61.8,67.5,60.35,67.45,61.95,67.45,1.8,111.51,8.8781,67.450000>111.510000,0,,
2026-03-02T15:13:52.668650Z,scan_candle,LT,2026-03-30,2026-02-27T00:00:00,2026-02-27T23:59:59.999999,CE,4360.0,LT30MAR264360CE,131752,13,5,58.692,1,2026-02-27T10:15:00+05:30,2026-02-27T10:45:00+05:30,68.1,72.15,65.35,72.15,67.45,72.15,1.8,121.41000000000001,6.9681,72.150000>121.410000,0,,
2026-03-02T15:13:52.668650Z,scan_candle,LT,2026-03-30,2026-02-27T00:00:00,2026-02-27T23:59:59.999999,CE,4360.0,LT30MAR264360CE,131752,13,5,58.692,1,2026-02-27T10:45:00+05:30,2026-02-27T11:15:00+05:30,72.0,72.1,63.15,65.85,72.15,65.85,1.8,129.87,-8.7318,65.850000>129.870000,0,,
2026-03-02T15:13:52.668650Z,scan_candle,LT,2026-03-30,2026-02-27T00:00:00,2026-02-27T23:59:59.999999,CE,4360.0,LT30MAR264360CE,131752,13,5,58.692,1,2026-02-27T11:15:00+05:30,2026-02-27T11:45:00+05:30,66.55,66.55,63.4,63.4,65.85,63.4,1.8,118.52999999999999,-3.7206,63.400000>118.530000,0,,
2026-03-02T15:13:52.669688Z,scan_candle,LT,2026-03-30,2026-02-27T00:00:00,2026-02-27T23:59:59.999999,CE,4360.0,LT30MAR264360CE,131752,13,5,58.692,1,2026-02-27T11:45:00+05:30,2026-02-27T12:15:00+05:30,64.05,64.7,61.95,64.0,63.4,64.0,1.8,114.12,0.9464,64.000000>114.120000,0,,
2026-03-02T15:13:52.669688Z,scan_candle,LT,2026-03-30,2026-02-27T00:00:00,2026-02-27T23:59:59.999999,CE,4360.0,LT30MAR264360CE,131752,13,5,58.692,1,2026-02-27T12:15:00+05:30,2026-02-27T12:45:00+05:30,63.6,67.1,63.6,66.8,64.0,66.8,1.8,115.2,4.375,66.800000>115.200000,0,,
2026-03-02T15:13:52.669688Z,scan_candle,LT,2026-03-30,2026-02-27T00:00:00,2026-02-27T23:59:59.999999,CE,4360.0,LT30MAR264360CE,131752,13,5,58.692,1,2026-02-27T12:45:00+05:30,2026-02-27T13:15:00+05:30,66.85,69.95,66.0,68.25,66.8,68.25,1.8,120.24,2.1707,68.250000>120.240000,0,,
2026-03-02T15:13:52.669688Z,scan_candle,LT,2026-03-30,2026-02-27T00:00:00,2026-02-27T23:59:59.999999,CE,4360.0,LT30MAR264360CE,131752,13,5,58.692,1,2026-02-27T13:15:00+05:30,2026-02-27T13:45:00+05:30,68.45,72.45,67.85,68.85,68.25,68.85,1.8,122.85000000000001,0.8791,68.850000>122.850000,0,,
2026-03-02T15:13:52.669688Z,scan_candle,LT,2026-03-30,2026-02-27T00:00:00,2026-02-27T23:59:59.999999,CE,4360.0,LT30MAR264360CE,131752,13,5,58.692,1,2026-02-27T13:45:00+05:30,2026-02-27T14:15:00+05:30,68.1,68.4,64.65,64.65,68.85,64.65,1.8,123.92999999999999,-6.1002,64.650000>123.930000,0,,
2026-03-02T15:13:52.669688Z,scan_candle,LT,2026-03-30,2026-02-27T00:00:00,2026-02-27T23:59:59.999999,CE,4360.0,LT30MAR264360CE,131752,13,5,58.692,1,2026-02-27T14:15:00+05:30,2026-02-27T14:45:00+05:30,64.7,68.8,58.2,63.0,64.65,63.0,1.8,116.37000000000002,-2.5522,63.000000>116.370000,0,,
2026-03-02T15:13:52.669688Z,scan_candle,LT,2026-03-30,2026-02-27T00:00:00,2026-02-27T23:59:59.999999,CE,4360.0,LT30MAR264360CE,131752,13,5,58.692,1,2026-02-27T14:45:00+05:30,2026-02-27T15:15:00+05:30,63.4,65.0,60.0,61.3,63.0,61.3,1.8,113.4,-2.6984,61.300000>113.400000,0,,
2026-03-02T15:13:52.686793Z,scan_strike,LT,2026-03-30,2026-02-27T00:00:00,2026-02-27T23:59:59.999999,PE,4260.0,LT30MAR264260PE,136911,,,,,,,,,,,,,1.8,,,,,,
2026-03-02T15:13:52.796742Z,candles_loaded,LT,2026-03-30,2026-02-27T00:00:00,2026-02-27T23:59:59.999999,PE,4260.0,LT30MAR264260PE,136911,13,5,131.462,1,,,,,,,,,1.8,,,,,,
2026-03-02T15:13:52.797777Z,scan_candle,LT,2026-03-30,2026-02-27T00:00:00,2026-02-27T23:59:59.999999,PE,4260.0,LT30MAR264260PE,136911,13,5,131.462,1,2026-02-27T09:15:00+05:30,2026-02-27T09:45:00+05:30,78.8,82.75,77.1,80.25,77.8,80.25,1.8,140.04,3.1491,80.250000>140.040000,0,,
2026-03-02T15:13:52.797777Z,scan_candle,LT,2026-03-30,2026-02-27T00:00:00,2026-02-27T23:59:59.999999,PE,4260.0,LT30MAR264260PE,136911,13,5,131.462,1,2026-02-27T09:45:00+05:30,2026-02-27T10:15:00+05:30,80.95,84.25,74.15,74.85,80.25,74.85,1.8,144.45000000000002,-6.729,74.850000>144.450000,0,,
2026-03-02T15:13:52.797777Z,scan_candle,LT,2026-03-30,2026-02-27T00:00:00,2026-02-27T23:59:59.999999,PE,4260.0,LT30MAR264260PE,136911,13,5,131.462,1,2026-02-27T10:15:00+05:30,2026-02-27T10:45:00+05:30,74.15,76.25,69.8,71.45,74.85,71.45,1.8,134.73,-4.5424,71.450000>134.730000,0,,
2026-03-02T15:13:52.797777Z,scan_candle,LT,2026-03-30,2026-02-27T00:00:00,2026-02-27T23:59:59.999999,PE,4260.0,LT30MAR264260PE,136911,13,5,131.462,1,2026-02-27T10:45:00+05:30,2026-02-27T11:15:00+05:30,70.75,78.4,68.8,75.0,71.45,75.0,1.8,128.61,4.9685,75.000000>128.610000,0,,
2026-03-02T15:13:52.797777Z,scan_candle,LT,2026-03-30,2026-02-27T00:00:00,2026-02-27T23:59:59.999999,PE,4260.0,LT30MAR264260PE,136911,13,5,131.462,1,2026-02-27T11:15:00+05:30,2026-02-27T11:45:00+05:30,73.9,77.0,73.9,77.0,75.0,77.0,1.8,135.0,2.6667,77.000000>135.000000,0,,
2026-03-02T15:13:52.797777Z,scan_candle,LT,2026-03-30,2026-02-27T00:00:00,2026-02-27T23:59:59.999999,PE,4260.0,LT30MAR264260PE,136911,13,5,131.462,1,2026-02-27T11:45:00+05:30,2026-02-27T12:15:00+05:30,77.45,79.4,75.65,77.5,77.0,77.5,1.8,138.6,0.6494,77.500000>138.600000,0,,
2026-03-02T15:13:52.797777Z,scan_candle,LT,2026-03-30,2026-02-27T00:00:00,2026-02-27T23:59:59.999999,PE,4260.0,LT30MAR264260PE,136911,13,5,131.462,1,2026-02-27T12:15:00+05:30,2026-02-27T12:45:00+05:30,77.3,77.35,73.55,73.9,77.5,73.9,1.8,139.5,-4.6452,73.900000>139.500000,0,,
2026-03-02T15:13:52.797777Z,scan_candle,LT,2026-03-30,2026-02-27T00:00:00,2026-02-27T23:59:59.999999,PE,4260.0,LT30MAR264260PE,136911,13,5,131.462,1,2026-02-27T12:45:00+05:30,2026-02-27T13:15:00+05:30,74.35,76.45,70.35,71.05,73.9,71.05,1.8,133.02,-3.8566,71.050000>133.020000,0,,
2026-03-02T15:13:52.797777Z,scan_candle,LT,2026-03-30,2026-02-27T00:00:00,2026-02-27T23:59:59.999999,PE,4260.0,LT30MAR264260PE,136911,13,5,131.462,1,2026-02-27T13:15:00+05:30,2026-02-27T13:45:00+05:30,71.3,71.75,66.15,68.95,71.05,68.95,1.8,127.89,-2.9557,68.950000>127.890000,0,,
2026-03-02T15:13:52.797777Z,scan_candle,LT,2026-03-30,2026-02-27T00:00:00,2026-02-27T23:59:59.999999,PE,4260.0,LT30MAR264260PE,136911,13,5,131.462,1,2026-02-27T13:45:00+05:30,2026-02-27T14:15:00+05:30,68.8,73.45,68.2,72.6,68.95,72.6,1.8,124.11000000000001,5.2937,72.600000>124.110000,0,,
2026-03-02T15:13:52.797777Z,scan_candle,LT,2026-03-30,2026-02-27T00:00:00,2026-02-27T23:59:59.999999,PE,4260.0,LT30MAR264260PE,136911,13,5,131.462,1,2026-02-27T14:15:00+05:30,2026-02-27T14:45:00+05:30,72.5,78.9,66.3,72.55,72.6,72.55,1.8,130.68,-0.0689,72.550000>130.680000,0,,
2026-03-02T15:13:52.797777Z,scan_candle,LT,2026-03-30,2026-02-27T00:00:00,2026-02-27T23:59:59.999999,PE,4260.0,LT30MAR264260PE,136911,13,5,131.462,1,2026-02-27T14:45:00+05:30,2026-02-27T15:15:00+05:30,72.8,79.05,71.7,73.75,72.55,73.75,1.8,130.59,1.654,73.750000>130.590000,0,,
2026-03-02T15:13:52.809348Z,scan_strike,LT,2026-03-30,2026-02-27T00:00:00,2026-02-27T23:59:59.999999,PE,4240.0,LT30MAR264240PE,131723,,,,,,,,,,,,,1.8,,,,,,
2026-03-02T15:13:52.937486Z,candles_loaded,LT,2026-03-30,2026-02-27T00:00:00,2026-02-27T23:59:59.999999,PE,4240.0,LT30MAR264240PE,131723,13,5,49.231,1,,,,,,,,,1.8,,,,,,
2026-03-02T15:13:52.938488Z,scan_candle,LT,2026-03-30,2026-02-27T00:00:00,2026-02-27T23:59:59.999999,PE,4240.0,LT30MAR264240PE,131723,13,5,49.231,1,2026-02-27T09:15:00+05:30,2026-02-27T09:45:00+05:30,69.95,73.8,69.35,71.9,69.3,71.9,1.8,124.74,3.7518,71.900000>124.740000,0,,
2026-03-02T15:13:52.938488Z,scan_candle,LT,2026-03-30,2026-02-27T00:00:00,2026-02-27T23:59:59.999999,PE,4240.0,LT30MAR264240PE,131723,13,5,49.231,1,2026-02-27T09:45:00+05:30,2026-02-27T10:15:00+05:30,72.05,75.2,67.05,67.1,71.9,67.1,1.8,129.42000000000002,-6.6759,67.100000>129.420000,0,,
2026-03-02T15:13:52.938488Z,scan_candle,LT,2026-03-30,2026-02-27T00:00:00,2026-02-27T23:59:59.999999,PE,4240.0,LT30MAR264240PE,131723,13,5,49.231,1,2026-02-27T10:15:00+05:30,2026-02-27T10:45:00+05:30,65.55,68.0,62.5,62.65,67.1,62.65,1.8,120.77999999999999,-6.6319,62.650000>120.780000,0,,
2026-03-02T15:13:52.938488Z,scan_candle,LT,2026-03-30,2026-02-27T00:00:00,2026-02-27T23:59:59.999999,PE,4240.0,LT30MAR264240PE,131723,13,5,49.231,1,2026-02-27T10:45:00+05:30,2026-02-27T11:15:00+05:30,61.5,70.15,61.4,67.0,62.65,67.0,1.8,112.77,6.9433,67.000000>112.770000,0,,
2026-03-02T15:13:52.938488Z,scan_candle,LT,2026-03-30,2026-02-27T00:00:00,2026-02-27T23:59:59.999999,PE,4240.0,LT30MAR264240PE,131723,13,5,49.231,1,2026-02-27T11:15:00+05:30,2026-02-27T11:45:00+05:30,66.3,68.55,66.3,68.55,67.0,68.55,1.8,120.60000000000001,2.3134,68.550000>120.600000,0,,
2026-03-02T15:13:52.938488Z,scan_candle,LT,2026-03-30,2026-02-27T00:00:00,2026-02-27T23:59:59.999999,PE,4240.0,LT30MAR264240PE,131723,13,5,49.231,1,2026-02-27T11:45:00+05:30,2026-02-27T12:15:00+05:30,67.7,69.2,67.6,68.75,68.55,68.75,1.8,123.39,0.2918,68.750000>123.390000,0,,
2026-03-02T15:13:52.938488Z,scan_candle,LT,2026-03-30,2026-02-27T00:00:00,2026-02-27T23:59:59.999999,PE,4240.0,LT30MAR264240PE,131723,13,5,49.231,1,2026-02-27T12:15:00+05:30,2026-02-27T12:45:00+05:30,66.3,66.3,65.85,66.05,68.75,66.05,1.8,123.75,-3.9273,66.050000>123.750000,0,,
2026-03-02T15:13:52.938488Z,scan_candle,LT,2026-03-30,2026-02-27T00:00:00,2026-02-27T23:59:59.999999,PE,4240.0,LT30MAR264240PE,131723,13,5,49.231,1,2026-02-27T12:45:00+05:30,2026-02-27T13:15:00+05:30,66.1,68.25,62.75,62.75,66.05,62.75,1.8,118.89,-4.9962,62.750000>118.890000,0,,
2026-03-02T15:13:52.938488Z,scan_candle,LT,2026-03-30,2026-02-27T00:00:00,2026-02-27T23:59:59.999999,PE,4240.0,LT30MAR264240PE,131723,13,5,49.231,1,2026-02-27T13:15:00+05:30,2026-02-27T13:45:00+05:30,63.15,64.0,60.0,60.7,62.75,60.7,1.8,112.95,-3.2669,60.700000>112.950000,0,,
2026-03-02T15:13:52.938488Z,scan_candle,LT,2026-03-30,2026-02-27T00:00:00,2026-02-27T23:59:59.999999,PE,4240.0,LT30MAR264240PE,131723,13,5,49.231,1,2026-02-27T13:45:00+05:30,2026-02-27T14:15:00+05:30,62.0,65.55,62.0,65.55,60.7,65.55,1.8,109.26,7.9901,65.550000>109.260000,0,,
2026-03-02T15:13:52.938488Z,scan_candle,LT,2026-03-30,2026-02-27T00:00:00,2026-02-27T23:59:59.999999,PE,4240.0,LT30MAR264240PE,131723,13,5,49.231,1,2026-02-27T14:15:00+05:30,2026-02-27T14:45:00+05:30,63.6,70.45,59.25,65.25,65.55,65.25,1.8,117.99,-0.4577,65.250000>117.990000,0,,
2026-03-02T15:13:52.938488Z,scan_candle,LT,2026-03-30,2026-02-27T00:00:00,2026-02-27T23:59:59.999999,PE,4240.0,LT30MAR264240PE,131723,13,5,49.231,1,2026-02-27T14:45:00+05:30,2026-02-27T15:15:00+05:30,64.8,69.1,64.8,66.75,65.25,66.75,1.8,117.45,2.2989,66.750000>117.450000,0,,
2026-03-02T15:13:52.967729Z,scan_strike,LT,2026-03-30,2026-02-27T00:00:00,2026-02-27T23:59:59.999999,PE,4220.0,LT30MAR264220PE,136909,,,,,,,,,,,,,1.8,,,,,,
2026-03-02T15:13:53.070226Z,candles_loaded,LT,2026-03-30,2026-02-27T00:00:00,2026-02-27T23:59:59.999999,PE,4220.0,LT30MAR264220PE,136909,13,5,26.154,1,,,,,,,,,1.8,,,,,,
2026-03-02T15:13:53.070226Z,scan_candle,LT,2026-03-30,2026-02-27T00:00:00,2026-02-27T23:59:59.999999,PE,4220.0,LT30MAR264220PE,136909,13,5,26.154,1,2026-02-27T09:15:00+05:30,2026-02-27T09:45:00+05:30,62.4,66.05,62.3,63.85,64.5,63.85,1.8,116.10000000000001,-1.0078,63.850000>116.100000,0,,
2026-03-02T15:13:53.070226Z,scan_candle,LT,2026-03-30,2026-02-27T00:00:00,2026-02-27T23:59:59.999999,PE,4220.0,LT30MAR264220PE,136909,13,5,26.154,1,2026-02-27T09:45:00+05:30,2026-02-27T10:15:00+05:30,64.3,66.0,60.45,61.0,63.85,61.0,1.8,114.93,-4.4636,61.000000>114.930000,0,,
2026-03-02T15:13:53.071225Z,scan_candle,LT,2026-03-30,2026-02-27T00:00:00,2026-02-27T23:59:59.999999,PE,4220.0,LT30MAR264220PE,136909,13,5,26.154,1,2026-02-27T10:15:00+05:30,2026-02-27T10:45:00+05:30,58.45,60.75,55.9,55.9,61.0,55.9,1.8,109.8,-8.3607,55.900000>109.800000,0,,
2026-03-02T15:13:53.071225Z,scan_candle,LT,2026-03-30,2026-02-27T00:00:00,2026-02-27T23:59:59.999999,PE,4220.0,LT30MAR264220PE,136909,13,5,26.154,1,2026-02-27T10:45:00+05:30,2026-02-27T11:15:00+05:30,54.7,62.35,54.7,59.7,55.9,59.7,1.8,100.62,6.7979,59.700000>100.620000,0,,
2026-03-02T15:13:53.071225Z,scan_candle,LT,2026-03-30,2026-02-27T00:00:00,2026-02-27T23:59:59.999999,PE,4220.0,LT30MAR264220PE,136909,13,5,26.154,1,2026-02-27T11:15:00+05:30,2026-02-27T11:45:00+05:30,59.35,60.6,59.35,60.15,59.7,60.15,1.8,107.46000000000001,0.7538,60.150000>107.460000,0,,
2026-03-02T15:13:53.071225Z,scan_candle,LT,2026-03-30,2026-02-27T00:00:00,2026-02-27T23:59:59.999999,PE,4220.0,LT30MAR264220PE,136909,13,5,26.154,1,2026-02-27T11:45:00+05:30,2026-02-27T12:15:00+05:30,61.7,61.7,61.05,61.05,60.15,61.05,1.8,108.27,1.4963,61.050000>108.270000,0,,
2026-03-02T15:13:53.071225Z,scan_candle,LT,2026-03-30,2026-02-27T00:00:00,2026-02-27T23:59:59.999999,PE,4220.0,LT30MAR264220PE,136909,13,5,26.154,1,2026-02-27T12:15:00+05:30,2026-02-27T12:45:00+05:30,60.0,60.4,58.65,58.65,61.05,58.65,1.8,109.89,-3.9312,58.650000>109.890000,0,,
2026-03-02T15:13:53.071225Z,scan_candle,LT,2026-03-30,2026-02-27T00:00:00,2026-02-27T23:59:59.999999,PE,4220.0,LT30MAR264220PE,136909,13,5,26.154,1,2026-02-27T12:45:00+05:30,2026-02-27T13:15:00+05:30,59.15,60.65,55.75,55.75,58.65,55.75,1.8,105.57,-4.9446,55.750000>105.570000,0,,
2026-03-02T15:13:53.071225Z,scan_candle,LT,2026-03-30,2026-02-27T00:00:00,2026-02-27T23:59:59.999999,PE,4220.0,LT30MAR264220PE,136909,13,5,26.154,1,2026-02-27T13:15:00+05:30,2026-02-27T13:45:00+05:30,56.65,56.65,52.95,54.3,55.75,54.3,1.8,100.35000000000001,-2.6009,54.300000>100.350000,0,,
2026-03-02T15:13:53.071225Z,scan_candle,LT,2026-03-30,2026-02-27T00:00:00,2026-02-27T23:59:59.999999,PE,4220.0,LT30MAR264220PE,136909,13,5,26.154,1,2026-02-27T13:45:00+05:30,2026-02-27T14:15:00+05:30,55.75,56.9,55.75,56.9,54.3,56.9,1.8,97.74,4.7882,56.900000>97.740000,0,,
2026-03-02T15:13:53.071225Z,scan_candle,LT,2026-03-30,2026-02-27T00:00:00,2026-02-27T23:59:59.999999,PE,4220.0,LT30MAR264220PE,136909,13,5,26.154,1,2026-02-27T14:15:00+05:30,2026-02-27T14:45:00+05:30,57.0,62.8,53.4,57.9,56.9,57.9,1.8,102.42,1.7575,57.900000>102.420000,0,,
2026-03-02T15:13:53.071225Z,scan_candle,LT,2026-03-30,2026-02-27T00:00:00,2026-02-27T23:59:59.999999,PE,4220.0,LT30MAR264220PE,136909,13,5,26.154,1,2026-02-27T14:45:00+05:30,2026-02-27T15:15:00+05:30,57.9,61.0,57.9,58.85,57.9,58.85,1.8,104.22,1.6408,58.850000>104.220000,0,,
2026-03-02T15:13:53.090247Z,scan_strike,LT,2026-03-30,2026-02-27T00:00:00,2026-02-27T23:59:59.999999,PE,4200.0,LTIM30MAR264200PE,132780,,,,,,,,,,,,,1.8,,,,,,
2026-03-02T15:13:53.192303Z,candles_loaded,LT,2026-03-30,2026-02-27T00:00:00,2026-02-27T23:59:59.999999,PE,4200.0,LTIM30MAR264200PE,132780,13,5,44.615,1,,,,,,,,,1.8,,,,,,
2026-03-02T15:13:53.192303Z,scan_candle,LT,2026-03-30,2026-02-27T00:00:00,2026-02-27T23:59:59.999999,PE,4200.0,LTIM30MAR264200PE,132780,13,5,44.615,1,2026-02-27T09:15:00+05:30,2026-02-27T09:45:00+05:30,65.0,74.65,63.5,68.3,64.95,68.3,1.8,116.91000000000001,5.1578,68.300000>116.910000,0,,
2026-03-02T15:13:53.192303Z,scan_candle,LT,2026-03-30,2026-02-27T00:00:00,2026-02-27T23:59:59.999999,PE,4200.0,LTIM30MAR264200PE,132780,13,5,44.615,1,2026-02-27T09:45:00+05:30,2026-02-27T10:15:00+05:30,68.55,71.15,64.0,67.5,68.3,67.5,1.8,122.94,-1.1713,67.500000>122.940000,0,,
2026-03-02T15:13:53.192303Z,scan_candle,LT,2026-03-30,2026-02-27T00:00:00,2026-02-27T23:59:59.999999,PE,4200.0,LTIM30MAR264200PE,132780,13,5,44.615,1,2026-02-27T10:15:00+05:30,2026-02-27T10:45:00+05:30,70.4,74.75,67.0,67.0,67.5,67.0,1.8,121.5,-0.7407,67.000000>121.500000,0,,
2026-03-02T15:13:53.192303Z,scan_candle,LT,2026-03-30,2026-02-27T00:00:00,2026-02-27T23:59:59.999999,PE,4200.0,LTIM30MAR264200PE,132780,13,5,44.615,1,2026-02-27T10:45:00+05:30,2026-02-27T11:15:00+05:30,69.55,70.8,69.55,70.8,67.0,70.8,1.8,120.60000000000001,5.6716,70.800000>120.600000,0,,
2026-03-02T15:13:53.192303Z,scan_candle,LT,2026-03-30,2026-02-27T00:00:00,2026-02-27T23:59:59.999999,PE,4200.0,LTIM30MAR264200PE,132780,13,5,44.615,1,2026-02-27T11:15:00+05:30,2026-02-27T11:45:00+05:30,68.7,79.3,68.7,75.9,70.8,75.9,1.8,127.44,7.2034,75.900000>127.440000,0,,
2026-03-02T15:13:53.192303Z,scan_candle,LT,2026-03-30,2026-02-27T00:00:00,2026-02-27T23:59:59.999999,PE,4200.0,LTIM30MAR264200PE,132780,13,5,44.615,1,2026-02-27T11:45:00+05:30,2026-02-27T12:15:00+05:30,74.5,75.45,68.0,70.95,75.9,70.95,1.8,136.62,-6.5217,70.950000>136.620000,0,,
2026-03-02T15:13:53.193304Z,scan_candle,LT,2026-03-30,2026-02-27T00:00:00,2026-02-27T23:59:59.999999,PE,4200.0,LTIM30MAR264200PE,132780,13,5,44.615,1,2026-02-27T12:15:00+05:30,2026-02-27T12:45:00+05:30,70.15,73.7,70.0,70.0,70.95,70.0,1.8,127.71000000000001,-1.339,70.000000>127.710000,0,,
2026-03-02T15:13:53.193304Z,scan_candle,LT,2026-03-30,2026-02-27T00:00:00,2026-02-27T23:59:59.999999,PE,4200.0,LTIM30MAR264200PE,132780,13,5,44.615,1,2026-02-27T12:45:00+05:30,2026-02-27T13:15:00+05:30,70.8,73.0,70.4,73.0,70.0,73.0,1.8,126.0,4.2857,73.000000>126.000000,0,,
2026-03-02T15:13:53.193304Z,scan_candle,LT,2026-03-30,2026-02-27T00:00:00,2026-02-27T23:59:59.999999,PE,4200.0,LTIM30MAR264200PE,132780,13,5,44.615,1,2026-02-27T13:15:00+05:30,2026-02-27T13:45:00+05:30,73.2,75.4,72.4,75.15,73.0,75.15,1.8,131.4,2.9452,75.150000>131.400000,0,,
2026-03-02T15:13:53.193304Z,scan_candle,LT,2026-03-30,2026-02-27T00:00:00,2026-02-27T23:59:59.999999,PE,4200.0,LTIM30MAR264200PE,132780,13,5,44.615,1,2026-02-27T13:45:00+05:30,2026-02-27T14:15:00+05:30,77.2,79.0,73.8,73.8,75.15,73.8,1.8,135.27,-1.7964,73.800000>135.270000,0,,
2026-03-02T15:13:53.193304Z,scan_candle,LT,2026-03-30,2026-02-27T00:00:00,2026-02-27T23:59:59.999999,PE,4200.0,LTIM30MAR264200PE,132780,13,5,44.615,1,2026-02-27T14:15:00+05:30,2026-02-27T14:45:00+05:30,74.45,84.65,74.45,84.65,73.8,84.65,1.8,132.84,14.7019,84.650000>132.840000,0,,
2026-03-02T15:13:53.193304Z,scan_candle,LT,2026-03-30,2026-02-27T00:00:00,2026-02-27T23:59:59.999999,PE,4200.0,LTIM30MAR264200PE,132780,13,5,44.615,1,2026-02-27T14:45:00+05:30,2026-02-27T15:15:00+05:30,82.25,87.0,81.15,82.8,84.65,82.8,1.8,152.37,-2.1855,82.800000>152.370000,0,,
2026-03-02T15:13:53.211417Z,scan_strike,LT,2026-03-30,2026-02-27T00:00:00,2026-02-27T23:59:59.999999,PE,4180.0,LT30MAR264180PE,136907,,,,,,,,,,,,,1.8,,,,,,
2026-03-02T15:13:55.441720Z,candles_loaded,LT,2026-03-30,2026-02-27T00:00:00,2026-02-27T23:59:59.999999,PE,4180.0,LT30MAR264180PE,136907,13,5,20.0,1,,,,,,,,,1.8,,,,,,
2026-03-02T15:13:55.441720Z,scan_candle,LT,2026-03-30,2026-02-27T00:00:00,2026-02-27T23:59:59.999999,PE,4180.0,LT30MAR264180PE,136907,13,5,20.0,1,2026-02-27T09:15:00+05:30,2026-02-27T09:45:00+05:30,49.2,52.05,48.55,50.15,51.0,50.15,1.8,91.8,-1.6667,50.150000>91.800000,0,,
2026-03-02T15:13:55.441720Z,scan_candle,LT,2026-03-30,2026-02-27T00:00:00,2026-02-27T23:59:59.999999,PE,4180.0,LT30MAR264180PE,136907,13,5,20.0,1,2026-02-27T09:45:00+05:30,2026-02-27T10:15:00+05:30,50.75,52.1,46.3,47.9,50.15,47.9,1.8,90.27,-4.4865,47.900000>90.270000,0,,
2026-03-02T15:13:55.441720Z,scan_candle,LT,2026-03-30,2026-02-27T00:00:00,2026-02-27T23:59:59.999999,PE,4180.0,LT30MAR264180PE,136907,13,5,20.0,1,2026-02-27T10:15:00+05:30,2026-02-27T10:45:00+05:30,46.7,47.8,44.0,44.0,47.9,44.0,1.8,86.22,-8.142,44.000000>86.220000,0,,
2026-03-02T15:13:55.441720Z,scan_candle,LT,2026-03-30,2026-02-27T00:00:00,2026-02-27T23:59:59.999999,PE,4180.0,LT30MAR264180PE,136907,13,5,20.0,1,2026-02-27T10:45:00+05:30,2026-02-27T11:15:00+05:30,43.0,48.65,43.0,47.05,44.0,47.05,1.8,79.2,6.9318,47.050000>79.200000,0,,
2026-03-02T15:13:55.441720Z,scan_candle,LT,2026-03-30,2026-02-27T00:00:00,2026-02-27T23:59:59.999999,PE,4180.0,LT30MAR264180PE,136907,13,5,20.0,1,2026-02-27T11:15:00+05:30,2026-02-27T11:45:00+05:30,46.7,47.7,46.7,47.7,47.05,47.7,1.8,84.69,1.3815,47.700000>84.690000,0,,
2026-03-02T15:13:55.441720Z,scan_candle,LT,2026-03-30,2026-02-27T00:00:00,2026-02-27T23:59:59.999999,PE,4180.0,LT30MAR264180PE,136907,13,5,20.0,1,2026-02-27T11:45:00+05:30,2026-02-27T12:15:00+05:30,49.95,50.0,48.3,48.65,47.7,48.65,1.8,85.86000000000001,1.9916,48.650000>85.860000,0,,
2026-03-02T15:13:55.441720Z,scan_candle,LT,2026-03-30,2026-02-27T00:00:00,2026-02-27T23:59:59.999999,PE,4180.0,LT30MAR264180PE,136907,13,5,20.0,1,2026-02-27T12:15:00+05:30,2026-02-27T12:45:00+05:30,47.35,47.8,46.3,46.75,48.65,46.75,1.8,87.57,-3.9054,46.750000>87.570000,0,,
2026-03-02T15:13:55.441720Z,scan_candle,LT,2026-03-30,2026-02-27T00:00:00,2026-02-27T23:59:59.999999,PE,4180.0,LT30MAR264180PE,136907,13,5,20.0,1,2026-02-27T12:45:00+05:30,2026-02-27T13:15:00+05:30,45.3,45.3,43.85,44.95,46.75,44.95,1.8,84.15,-3.8503,44.950000>84.150000,0,,
2026-03-02T15:13:55.441720Z,scan_candle,LT,2026-03-30,2026-02-27T00:00:00,2026-02-27T23:59:59.999999,PE,4180.0,LT30MAR264180PE,136907,13,5,20.0,1,2026-02-27T13:15:00+05:30,2026-02-27T13:45:00+05:30,43.55,43.55,43.5,43.5,44.95,43.5,1.8,80.91000000000001,-3.2258,43.500000>80.910000,0,,
2026-03-02T15:13:55.441720Z,scan_candle,LT,2026-03-30,2026-02-27T00:00:00,2026-02-27T23:59:59.999999,PE,4180.0,LT30MAR264180PE,136907,13,5,20.0,1,2026-02-27T13:45:00+05:30,2026-02-27T14:15:00+05:30,43.2,43.2,42.3,43.1,43.5,43.1,1.8,78.3,-0.9195,43.100000>78.300000,0,,
2026-03-02T15:13:55.442727Z,scan_candle,LT,2026-03-30,2026-02-27T00:00:00,2026-02-27T23:59:59.999999,PE,4180.0,LT30MAR264180PE,136907,13,5,20.0,1,2026-02-27T14:15:00+05:30,2026-02-27T14:45:00+05:30,44.3,49.25,40.95,46.2,43.1,46.2,1.8,77.58,7.1926,46.200000>77.580000,0,,
2026-03-02T15:13:55.442727Z,scan_candle,LT,2026-03-30,2026-02-27T00:00:00,2026-02-27T23:59:59.999999,PE,4180.0,LT30MAR264180PE,136907,13,5,20.0,1,2026-02-27T14:45:00+05:30,2026-02-27T15:15:00+05:30,45.25,48.55,44.65,47.15,46.2,47.15,1.8,83.16000000000001,2.0563,47.150000>83.160000,0,,
2026-03-02T15:13:55.451258Z,scan_strike,LT,2026-03-30,2026-02-27T00:00:00,2026-02-27T23:59:59.999999,PE,4160.0,LT30MAR264160PE,131719,,,,,,,,,,,,,1.8,,,,,,
2026-03-02T15:13:55.571218Z,candles_loaded,LT,2026-03-30,2026-02-27T00:00:00,2026-02-27T23:59:59.999999,PE,4160.0,LT30MAR264160PE,131719,13,5,20.0,1,,,,,,,,,1.8,,,,,,
2026-03-02T15:13:55.571218Z,scan_candle,LT,2026-03-30,2026-02-27T00:00:00,2026-02-27T23:59:59.999999,PE,4160.0,LT30MAR264160PE,131719,13,5,20.0,1,2026-02-27T09:15:00+05:30,2026-02-27T09:45:00+05:30,45.55,45.55,43.0,44.45,44.75,44.45,1.8,80.55,-0.6704,44.450000>80.550000,0,,
2026-03-02T15:13:55.571218Z,scan_candle,LT,2026-03-30,2026-02-27T00:00:00,2026-02-27T23:59:59.999999,PE,4160.0,LT30MAR264160PE,131719,13,5,20.0,1,2026-02-27T09:45:00+05:30,2026-02-27T10:15:00+05:30,45.1,45.55,41.4,41.4,44.45,41.4,1.8,80.01,-6.8616,41.400000>80.010000,0,,
2026-03-02T15:13:55.571218Z,scan_candle,LT,2026-03-30,2026-02-27T00:00:00,2026-02-27T23:59:59.999999,PE,4160.0,LT30MAR264160PE,131719,13,5,20.0,1,2026-02-27T10:15:00+05:30,2026-02-27T10:45:00+05:30,42.15,42.25,38.75,39.75,41.4,39.75,1.8,74.52,-3.9855,39.750000>74.520000,0,,
2026-03-02T15:13:55.571218Z,scan_candle,LT,2026-03-30,2026-02-27T00:00:00,2026-02-27T23:59:59.999999,PE,4160.0,LT30MAR264160PE,131719,13,5,20.0,1,2026-02-27T10:45:00+05:30,2026-02-27T11:15:00+05:30,38.9,43.75,38.8,41.7,39.75,41.7,1.8,71.55,4.9057,41.700000>71.550000,0,,
2026-03-02T15:13:55.571218Z,scan_candle,LT,2026-03-30,2026-02-27T00:00:00,2026-02-27T23:59:59.999999,PE,4160.0,LT30MAR264160PE,131719,13,5,20.0,1,2026-02-27T11:15:00+05:30,2026-02-27T11:45:00+05:30,41.25,42.8,41.0,42.8,41.7,42.8,1.8,75.06,2.6379,42.800000>75.060000,0,,
2026-03-02T15:13:55.571218Z,scan_candle,LT,2026-03-30,2026-02-27T00:00:00,2026-02-27T23:59:59.999999,PE,4160.0,LT30MAR264160PE,131719,13,5,20.0,1,2026-02-27T11:45:00+05:30,2026-02-27T12:15:00+05:30,43.6,43.6,42.85,42.85,42.8,42.85,1.8,77.03999999999999,0.1168,42.850000>77.040000,0,,
2026-03-02T15:13:55.571218Z,scan_candle,LT,2026-03-30,2026-02-27T00:00:00,2026-02-27T23:59:59.999999,PE,4160.0,LT30MAR264160PE,131719,13,5,20.0,1,2026-02-27T12:15:00+05:30,2026-02-27T12:45:00+05:30,42.1,42.1,40.65,40.65,42.85,40.65,1.8,77.13000000000001,-5.1342,40.650000>77.130000,0,,
2026-03-02T15:13:55.571218Z,scan_candle,LT,2026-03-30,2026-02-27T00:00:00,2026-02-27T23:59:59.999999,PE,4160.0,LT30MAR264160PE,131719,13,5,20.0,1,2026-02-27T12:45:00+05:30,2026-02-27T13:15:00+05:30,41.75,41.75,38.65,38.9,40.65,38.9,1.8,73.17,-4.305,38.900000>73.170000,0,,
2026-03-02T15:13:55.571218Z,scan_candle,LT,2026-03-30,2026-02-27T00:00:00,2026-02-27T23:59:59.999999,PE,4160.0,LT30MAR264160PE,131719,13,5,20.0,1,2026-02-27T13:15:00+05:30,2026-02-27T13:45:00+05:30,39.05,39.05,36.8,37.85,38.9,37.85,1.8,70.02,-2.6992,37.850000>70.020000,0,,
2026-03-02T15:13:55.571218Z,scan_candle,LT,2026-03-30,2026-02-27T00:00:00,2026-02-27T23:59:59.999999,PE,4160.0,LT30MAR264160PE,131719,13,5,20.0,1,2026-02-27T13:45:00+05:30,2026-02-27T14:15:00+05:30,37.9,39.5,37.9,39.5,37.85,39.5,1.8,68.13000000000001,4.3593,39.500000>68.130000,0,,
2026-03-02T15:13:55.572220Z,scan_candle,LT,2026-03-30,2026-02-27T00:00:00,2026-02-27T23:59:59.999999,PE,4160.0,LT30MAR264160PE,131719,13,5,20.0,1,2026-02-27T14:15:00+05:30,2026-02-27T14:45:00+05:30,42.25,43.5,39.75,40.2,39.5,40.2,1.8,71.10000000000001,1.7722,40.200000>71.100000,0,,
2026-03-02T15:13:55.572220Z,scan_candle,LT,2026-03-30,2026-02-27T00:00:00,2026-02-27T23:59:59.999999,PE,4160.0,LT30MAR264160PE,131719,13,5,20.0,1,2026-02-27T14:45:00+05:30,2026-02-27T15:15:00+05:30,41.05,41.65,39.4,41.65,40.2,41.65,1.8,72.36000000000001,3.607,41.650000>72.360000,0,,
2026-03-02T15:13:55.572220Z,rebalance_cmp_selected,LT,2026-03-30,2026-02-28T00:00:00.999999,2026-02-28T23:59:59.999999,,,,,,,,,,,,,,,,,1.8,,,,,,cmp=47500.0000;source=strike_universe_fallback
2026-03-02T15:13:55.664467Z,skip_strike,LT,2026-03-30,2026-02-28T00:00:00.999999,2026-02-28T23:59:59.999999,CE,47500.0,,,,,,,,,,,,,,,1.8,,,,,instrument_not_found,
2026-03-02T15:13:55.755008Z,skip_strike,LT,2026-03-30,2026-02-28T00:00:00.999999,2026-02-28T23:59:59.999999,CE,47600.0,,,,,,,,,,,,,,,1.8,,,,,instrument_not_found,
2026-03-02T15:13:55.847134Z,skip_strike,LT,2026-03-30,2026-02-28T00:00:00.999999,2026-02-28T23:59:59.999999,CE,48000.0,,,,,,,,,,,,,,,1.8,,,,,instrument_not_found,
2026-03-02T15:13:55.939324Z,skip_strike,LT,2026-03-30,2026-02-28T00:00:00.999999,2026-02-28T23:59:59.999999,CE,48500.0,,,,,,,,,,,,,,,1.8,,,,,instrument_not_found,
2026-03-02T15:13:56.029991Z,skip_strike,LT,2026-03-30,2026-02-28T00:00:00.999999,2026-02-28T23:59:59.999999,CE,49000.0,,,,,,,,,,,,,,,1.8,,,,,instrument_not_found,
2026-03-02T15:13:56.122124Z,skip_strike,LT,2026-03-30,2026-02-28T00:00:00.999999,2026-02-28T23:59:59.999999,CE,49500.0,,,,,,,,,,,,,,,1.8,,,,,instrument_not_found,
2026-03-02T15:13:56.212036Z,skip_strike,LT,2026-03-30,2026-02-28T00:00:00.999999,2026-02-28T23:59:59.999999,PE,47500.0,,,,,,,,,,,,,,,1.8,,,,,instrument_not_found,
2026-03-02T15:13:56.306620Z,skip_strike,LT,2026-03-30,2026-02-28T00:00:00.999999,2026-02-28T23:59:59.999999,PE,47200.0,,,,,,,,,,,,,,,1.8,,,,,instrument_not_found,
2026-03-02T15:13:56.398142Z,skip_strike,LT,2026-03-30,2026-02-28T00:00:00.999999,2026-02-28T23:59:59.999999,PE,47000.0,,,,,,,,,,,,,,,1.8,,,,,instrument_not_found,
2026-03-02T15:13:56.491722Z,skip_strike,LT,2026-03-30,2026-02-28T00:00:00.999999,2026-02-28T23:59:59.999999,PE,46800.0,,,,,,,,,,,,,,,1.8,,,,,instrument_not_found,
2026-03-02T15:13:56.581846Z,skip_strike,LT,2026-03-30,2026-02-28T00:00:00.999999,2026-02-28T23:59:59.999999,PE,46500.0,,,,,,,,,,,,,,,1.8,,,,,instrument_not_found,
2026-03-02T15:13:56.674553Z,skip_strike,LT,2026-03-30,2026-02-28T00:00:00.999999,2026-02-28T23:59:59.999999,PE,46400.0,,,,,,,,,,,,,,,1.8,,,,,instrument_not_found,
2026-03-02T15:13:56.674553Z,rebalance_cmp_selected,LT,2026-03-30,2026-03-01T00:00:00.999999,2026-03-01T23:59:59.999999,,,,,,,,,,,,,,,,,1.8,,,,,,cmp=47500.0000;source=strike_universe_fallback
2026-03-02T15:13:56.768299Z,skip_strike,LT,2026-03-30,2026-03-01T00:00:00.999999,2026-03-01T23:59:59.999999,CE,47500.0,,,,,,,,,,,,,,,1.8,,,,,instrument_not_found,
2026-03-02T15:13:56.861533Z,skip_strike,LT,2026-03-30,2026-03-01T00:00:00.999999,2026-03-01T23:59:59.999999,CE,47600.0,,,,,,,,,,,,,,,1.8,,,,,instrument_not_found,
2026-03-02T15:13:56.953523Z,skip_strike,LT,2026-03-30,2026-03-01T00:00:00.999999,2026-03-01T23:59:59.999999,CE,48000.0,,,,,,,,,,,,,,,1.8,,,,,instrument_not_found,
2026-03-02T15:13:57.046162Z,skip_strike,LT,2026-03-30,2026-03-01T00:00:00.999999,2026-03-01T23:59:59.999999,CE,48500.0,,,,,,,,,,,,,,,1.8,,,,,instrument_not_found,
2026-03-02T15:13:57.138911Z,skip_strike,LT,2026-03-30,2026-03-01T00:00:00.999999,2026-03-01T23:59:59.999999,CE,49000.0,,,,,,,,,,,,,,,1.8,,,,,instrument_not_found,
2026-03-02T15:13:57.229509Z,skip_strike,LT,2026-03-30,2026-03-01T00:00:00.999999,2026-03-01T23:59:59.999999,CE,49500.0,,,,,,,,,,,,,,,1.8,,,,,instrument_not_found,
2026-03-02T15:13:57.320701Z,skip_strike,LT,2026-03-30,2026-03-01T00:00:00.999999,2026-03-01T23:59:59.999999,PE,47500.0,,,,,,,,,,,,,,,1.8,,,,,instrument_not_found,
2026-03-02T15:13:57.414659Z,skip_strike,LT,2026-03-30,2026-03-01T00:00:00.999999,2026-03-01T23:59:59.999999,PE,47200.0,,,,,,,,,,,,,,,1.8,,,,,instrument_not_found,
2026-03-02T15:13:57.505286Z,skip_strike,LT,2026-03-30,2026-03-01T00:00:00.999999,2026-03-01T23:59:59.999999,PE,47000.0,,,,,,,,,,,,,,,1.8,,,,,instrument_not_found,
2026-03-02T15:13:57.597450Z,skip_strike,LT,2026-03-30,2026-03-01T00:00:00.999999,2026-03-01T23:59:59.999999,PE,46800.0,,,,,,,,,,,,,,,1.8,,,,,instrument_not_found,
2026-03-02T15:13:57.688668Z,skip_strike,LT,2026-03-30,2026-03-01T00:00:00.999999,2026-03-01T23:59:59.999999,PE,46500.0,,,,,,,,,,,,,,,1.8,,,,,instrument_not_found,
2026-03-02T15:13:57.782142Z,skip_strike,LT,2026-03-30,2026-03-01T00:00:00.999999,2026-03-01T23:59:59.999999,PE,46400.0,,,,,,,,,,,,,,,1.8,,,,,instrument_not_found,
2026-03-02T15:13:57.783142Z,rebalance_cmp_selected,LT,2026-03-30,2026-03-02T00:00:00.999999,2026-03-02T20:42:34.569645,,,,,,,,,,,,,,,,,1.8,,,,,,cmp=4117.6000;source=historical_underlying
2026-03-02T15:13:57.797231Z,scan_strike,LT,2026-03-30,2026-03-02T00:00:00.999999,2026-03-02T20:42:34.569645,CE,4120.0,LT30MAR264120CE,131716,,,,,,,,,,,,,1.8,,,,,,
2026-03-02T15:13:57.921479Z,candles_loaded,LT,2026-03-30,2026-03-02T00:00:00.999999,2026-03-02T20:42:34.569645,CE,4120.0,LT30MAR264120CE,131716,13,5,315.692,1,,,,,,,,,1.8,,,,,,
2026-03-02T15:13:57.921479Z,scan_candle,LT,2026-03-30,2026-03-02T00:00:00.999999,2026-03-02T20:42:34.569645,CE,4120.0,LT30MAR264120CE,131716,13,5,315.692,1,2026-03-02T09:15:00+05:30,2026-03-02T09:45:00+05:30,100.55,101.75,72.55,72.55,100.1,72.55,1.8,180.18,-27.5225,72.550000>180.180000,0,,
2026-03-02T15:13:57.921479Z,scan_candle,LT,2026-03-30,2026-03-02T00:00:00.999999,2026-03-02T20:42:34.569645,CE,4120.0,LT30MAR264120CE,131716,13,5,315.692,1,2026-03-02T09:45:00+05:30,2026-03-02T10:15:00+05:30,74.65,77.8,69.35,69.9,72.55,69.9,1.8,130.59,-3.6527,69.900000>130.590000,0,,
2026-03-02T15:13:57.922751Z,scan_candle,LT,2026-03-30,2026-03-02T00:00:00.999999,2026-03-02T20:42:34.569645,CE,4120.0,LT30MAR264120CE,131716,13,5,315.692,1,2026-03-02T10:15:00+05:30,2026-03-02T10:45:00+05:30,69.85,74.6,67.95,69.7,69.9,69.7,1.8,125.82000000000001,-0.2861,69.700000>125.820000,0,,
2026-03-02T15:13:57.922751Z,scan_candle,LT,2026-03-30,2026-03-02T00:00:00.999999,2026-03-02T20:42:34.569645,CE,4120.0,LT30MAR264120CE,131716,13,5,315.692,1,2026-03-02T10:45:00+05:30,2026-03-02T11:15:00+05:30,69.45,69.6,64.0,66.9,69.7,66.9,1.8,125.46000000000001,-4.0172,66.900000>125.460000,0,,
2026-03-02T15:13:57.922751Z,scan_candle,LT,2026-03-30,2026-03-02T00:00:00.999999,2026-03-02T20:42:34.569645,CE,4120.0,LT30MAR264120CE,131716,13,5,315.692,1,2026-03-02T11:15:00+05:30,2026-03-02T11:45:00+05:30,68.2,68.2,61.85,65.9,66.9,65.9,1.8,120.42000000000002,-1.4948,65.900000>120.420000,0,,
2026-03-02T15:13:57.922751Z,scan_candle,LT,2026-03-30,2026-03-02T00:00:00.999999,2026-03-02T20:42:34.569645,CE,4120.0,LT30MAR264120CE,131716,13,5,315.692,1,2026-03-02T11:45:00+05:30,2026-03-02T12:15:00+05:30,64.9,64.9,57.35,57.35,65.9,57.35,1.8,118.62000000000002,-12.9742,57.350000>118.620000,0,,
2026-03-02T15:13:57.922751Z,scan_candle,LT,2026-03-30,2026-03-02T00:00:00.999999,2026-03-02T20:42:34.569645,CE,4120.0,LT30MAR264120CE,131716,13,5,315.692,1,2026-03-02T12:15:00+05:30,2026-03-02T12:45:00+05:30,57.7,64.1,57.1,64.1,57.35,64.1,1.8,103.23,11.7698,64.100000>103.230000,0,,
2026-03-02T15:13:57.922751Z,scan_candle,LT,2026-03-30,2026-03-02T00:00:00.999999,2026-03-02T20:42:34.569645,CE,4120.0,LT30MAR264120CE,131716,13,5,315.692,1,2026-03-02T12:45:00+05:30,2026-03-02T13:15:00+05:30,64.6,67.4,63.5,66.9,64.1,66.9,1.8,115.38,4.3682,66.900000>115.380000,0,,
2026-03-02T15:13:57.922751Z,scan_candle,LT,2026-03-30,2026-03-02T00:00:00.999999,2026-03-02T20:42:34.569645,CE,4120.0,LT30MAR264120CE,131716,13,5,315.692,1,2026-03-02T13:15:00+05:30,2026-03-02T13:45:00+05:30,69.55,77.05,66.65,74.8,66.9,74.8,1.8,120.42000000000002,11.8087,74.800000>120.420000,0,,
2026-03-02T15:13:57.922751Z,scan_candle,LT,2026-03-30,2026-03-02T00:00:00.999999,2026-03-02T20:42:34.569645,CE,4120.0,LT30MAR264120CE,131716,13,5,315.692,1,2026-03-02T13:45:00+05:30,2026-03-02T14:15:00+05:30,75.05,83.0,70.0,81.4,74.8,81.4,1.8,134.64,8.8235,81.400000>134.640000,0,,
2026-03-02T15:13:57.922751Z,scan_candle,LT,2026-03-30,2026-03-02T00:00:00.999999,2026-03-02T20:42:34.569645,CE,4120.0,LT30MAR264120CE,131716,13,5,315.692,1,2026-03-02T14:15:00+05:30,2026-03-02T14:45:00+05:30,81.6,94.35,81.6,93.4,81.4,93.4,1.8,146.52,14.742,93.400000>146.520000,0,,
2026-03-02T15:13:57.922751Z,scan_candle,LT,2026-03-30,2026-03-02T00:00:00.999999,2026-03-02T20:42:34.569645,CE,4120.0,LT30MAR264120CE,131716,13,5,315.692,1,2026-03-02T14:45:00+05:30,2026-03-02T15:15:00+05:30,93.95,95.0,87.9,88.9,93.4,88.9,1.8,168.12,-4.818,88.900000>168.120000,0,,
2026-03-02T15:13:57.955380Z,scan_strike,LT,2026-03-30,2026-03-02T00:00:00.999999,2026-03-02T20:42:34.569645,CE,4140.0,LT30MAR264140CE,136904,,,,,,,,,,,,,1.8,,,,,,
2026-03-02T15:13:58.053452Z,candles_loaded,LT,2026-03-30,2026-03-02T00:00:00.999999,2026-03-02T20:42:34.569645,CE,4140.0,LT30MAR264140CE,136904,13,5,503.231,1,,,,,,,,,1.8,,,,,,
2026-03-02T15:13:58.053452Z,scan_candle,LT,2026-03-30,2026-03-02T00:00:00.999999,2026-03-02T20:42:34.569645,CE,4140.0,LT30MAR264140CE,136904,13,5,503.231,1,2026-03-02T09:15:00+05:30,2026-03-02T09:45:00+05:30,89.5,90.4,63.0,66.05,89.35,66.05,1.8,160.82999999999998,-26.0772,66.050000>160.830000,0,,
2026-03-02T15:13:58.053452Z,scan_candle,LT,2026-03-30,2026-03-02T00:00:00.999999,2026-03-02T20:42:34.569645,CE,4140.0,LT30MAR264140CE,136904,13,5,503.231,1,2026-03-02T09:45:00+05:30,2026-03-02T10:15:00+05:30,66.2,69.0,62.3,63.0,66.05,63.0,1.8,118.89,-4.6177,63.000000>118.890000,0,,
2026-03-02T15:13:58.053452Z,scan_candle,LT,2026-03-30,2026-03-02T00:00:00.999999,2026-03-02T20:42:34.569645,CE,4140.0,LT30MAR264140CE,136904,13,5,503.231,1,2026-03-02T10:15:00+05:30,2026-03-02T10:45:00+05:30,61.85,66.15,59.8,62.65,63.0,62.65,1.8,113.4,-0.5556,62.650000>113.400000,0,,
2026-03-02T15:13:58.053452Z,scan_candle,LT,2026-03-30,2026-03-02T00:00:00.999999,2026-03-02T20:42:34.569645,CE,4140.0,LT30MAR264140CE,136904,13,5,503.231,1,2026-03-02T10:45:00+05:30,2026-03-02T11:15:00+05:30,60.75,61.0,56.55,59.15,62.65,59.15,1.8,112.77,-5.5866,59.150000>112.770000,0,,
2026-03-02T15:13:58.053452Z,scan_candle,LT,2026-03-30,2026-03-02T00:00:00.999999,2026-03-02T20:42:34.569645,CE,4140.0,LT30MAR264140CE,136904,13,5,503.231,1,2026-03-02T11:15:00+05:30,2026-03-02T11:45:00+05:30,57.5,60.3,55.15,58.3,59.15,58.3,1.8,106.47,-1.437,58.300000>106.470000,0,,
2026-03-02T15:13:58.053452Z,scan_candle,LT,2026-03-30,2026-03-02T00:00:00.999999,2026-03-02T20:42:34.569645,CE,4140.0,LT30MAR264140CE,136904,13,5,503.231,1,2026-03-02T11:45:00+05:30,2026-03-02T12:15:00+05:30,57.15,57.15,51.0,51.5,58.3,51.5,1.8,104.94,-11.6638,51.500000>104.940000,0,,
2026-03-02T15:13:58.053452Z,scan_candle,LT,2026-03-30,2026-03-02T00:00:00.999999,2026-03-02T20:42:34.569645,CE,4140.0,LT30MAR264140CE,136904,13,5,503.231,1,2026-03-02T12:15:00+05:30,2026-03-02T12:45:00+05:30,51.2,56.9,50.75,56.9,51.5,56.9,1.8,92.7,10.4854,56.900000>92.700000,0,,
2026-03-02T15:13:58.053452Z,scan_candle,LT,2026-03-30,2026-03-02T00:00:00.999999,2026-03-02T20:42:34.569645,CE,4140.0,LT30MAR264140CE,136904,13,5,503.231,1,2026-03-02T12:45:00+05:30,2026-03-02T13:15:00+05:30,57.3,61.8,57.1,61.2,56.9,61.2,1.8,102.42,7.5571,61.200000>102.420000,0,,
2026-03-02T15:13:58.053452Z,scan_candle,LT,2026-03-30,2026-03-02T00:00:00.999999,2026-03-02T20:42:34.569645,CE,4140.0,LT30MAR264140CE,136904,13,5,503.231,1,2026-03-02T13:15:00+05:30,2026-03-02T13:45:00+05:30,62.35,68.95,58.45,67.85,61.2,67.85,1.8,110.16000000000001,10.866,67.850000>110.160000,0,,
2026-03-02T15:13:58.054482Z,scan_candle,LT,2026-03-30,2026-03-02T00:00:00.999999,2026-03-02T20:42:34.569645,CE,4140.0,LT30MAR264140CE,136904,13,5,503.231,1,2026-03-02T13:45:00+05:30,2026-03-02T14:15:00+05:30,67.4,74.35,61.9,73.45,67.85,73.45,1.8,122.13,8.2535,73.450000>122.130000,0,,
2026-03-02T15:13:58.054482Z,scan_candle,LT,2026-03-30,2026-03-02T00:00:00.999999,2026-03-02T20:42:34.569645,CE,4140.0,LT30MAR264140CE,136904,13,5,503.231,1,2026-03-02T14:15:00+05:30,2026-03-02T14:45:00+05:30,73.85,85.45,73.6,84.5,73.45,84.5,1.8,132.21,15.0442,84.500000>132.210000,0,,
2026-03-02T15:13:58.054482Z,scan_candle,LT,2026-03-30,2026-03-02T00:00:00.999999,2026-03-02T20:42:34.569645,CE,4140.0,LT30MAR264140CE,136904,13,5,503.231,1,2026-03-02T14:45:00+05:30,2026-03-02T15:15:00+05:30,84.7,85.45,79.4,81.25,84.5,81.25,1.8,152.1,-3.8462,81.250000>152.100000,0,,
2026-03-02T15:13:58.066055Z,scan_strike,LT,2026-03-30,2026-03-02T00:00:00.999999,2026-03-02T20:42:34.569645,CE,4160.0,LT30MAR264160CE,131718,,,,,,,,,,,,,1.8,,,,,,
2026-03-02T15:13:58.172590Z,candles_loaded,LT,2026-03-30,2026-03-02T00:00:00.999999,2026-03-02T20:42:34.569645,CE,4160.0,LT30MAR264160CE,131718,13,5,232.154,1,,,,,,,,,1.8,,,,,,
2026-03-02T15:13:58.172590Z,scan_candle,LT,2026-03-30,2026-03-02T00:00:00.999999,2026-03-02T20:42:34.569645,CE,4160.0,LT30MAR264160CE,131718,13,5,232.154,1,2026-03-02T09:15:00+05:30,2026-03-02T09:45:00+05:30,80.0,81.6,56.15,57.85,80.25,57.85,1.8,144.45000000000002,-27.9128,57.850000>144.450000,0,,
2026-03-02T15:13:58.173595Z,scan_candle,LT,2026-03-30,2026-03-02T00:00:00.999999,2026-03-02T20:42:34.569645,CE,4160.0,LT30MAR264160CE,131718,13,5,232.154,1,2026-03-02T09:45:00+05:30,2026-03-02T10:15:00+05:30,57.85,61.4,54.5,54.5,57.85,54.5,1.8,104.13000000000001,-5.7908,54.500000>104.130000,0,,
2026-03-02T15:13:58.173595Z,scan_candle,LT,2026-03-30,2026-03-02T00:00:00.999999,2026-03-02T20:42:34.569645,CE,4160.0,LT30MAR264160CE,131718,13,5,232.154,1,2026-03-02T10:15:00+05:30,2026-03-02T10:45:00+05:30,54.6,58.35,53.0,54.5,54.5,54.5,1.8,98.10000000000001,0.0,54.500000>98.100000,0,,
2026-03-02T15:13:58.173595Z,scan_candle,LT,2026-03-30,2026-03-02T00:00:00.999999,2026-03-02T20:42:34.569645,CE,4160.0,LT30MAR264160CE,131718,13,5,232.154,1,2026-03-02T10:45:00+05:30,2026-03-02T11:15:00+05:30,54.5,54.5,49.85,52.3,54.5,52.3,1.8,98.10000000000001,-4.0367,52.300000>98.100000,0,,
2026-03-02T15:13:58.173595Z,scan_candle,LT,2026-03-30,2026-03-02T00:00:00.999999,2026-03-02T20:42:34.569645,CE,4160.0,LT30MAR264160CE,131718,13,5,232.154,1,2026-03-02T11:15:00+05:30,2026-03-02T11:45:00+05:30,51.8,53.4,48.55,52.2,52.3,52.2,1.8,94.14,-0.1912,52.200000>94.140000,0,,
2026-03-02T15:13:58.173595Z,scan_candle,LT,2026-03-30,2026-03-02T00:00:00.999999,2026-03-02T20:42:34.569645,CE,4160.0,LT30MAR264160CE,131718,13,5,232.154,1,2026-03-02T11:45:00+05:30,2026-03-02T12:15:00+05:30,51.75,51.9,45.2,45.8,52.2,45.8,1.8,93.96000000000001,-12.2605,45.800000>93.960000,0,,
2026-03-02T15:13:58.173595Z,scan_candle,LT,2026-03-30,2026-03-02T00:00:00.999999,2026-03-02T20:42:34.569645,CE,4160.0,LT30MAR264160CE,131718,13,5,232.154,1,2026-03-02T12:15:00+05:30,2026-03-02T12:45:00+05:30,46.0,50.8,46.0,50.65,45.8,50.65,1.8,82.44,10.5895,50.650000>82.440000,0,,
2026-03-02T15:13:58.173595Z,scan_candle,LT,2026-03-30,2026-03-02T00:00:00.999999,2026-03-02T20:42:34.569645,CE,4160.0,LT30MAR264160CE,131718,13,5,232.154,1,2026-03-02T12:45:00+05:30,2026-03-02T13:15:00+05:30,51.0,54.7,50.6,54.7,50.65,54.7,1.8,91.17,7.9961,54.700000>91.170000,0,,
2026-03-02T15:13:58.173595Z,scan_candle,LT,2026-03-30,2026-03-02T00:00:00.999999,2026-03-02T20:42:34.569645,CE,4160.0,LT30MAR264160CE,131718,13,5,232.154,1,2026-03-02T13:15:00+05:30,2026-03-02T13:45:00+05:30,55.0,61.45,52.75,60.45,54.7,60.45,1.8,98.46000000000001,10.5119,60.450000>98.460000,0,,
2026-03-02T15:13:58.173595Z,scan_candle,LT,2026-03-30,2026-03-02T00:00:00.999999,2026-03-02T20:42:34.569645,CE,4160.0,LT30MAR264160CE,131718,13,5,232.154,1,2026-03-02T13:45:00+05:30,2026-03-02T14:15:00+05:30,59.3,66.5,56.0,64.85,60.45,64.85,1.8,108.81,7.2787,64.850000>108.810000,0,,
2026-03-02T15:13:58.173595Z,scan_candle,LT,2026-03-30,2026-03-02T00:00:00.999999,2026-03-02T20:42:34.569645,CE,4160.0,LT30MAR264160CE,131718,13,5,232.154,1,2026-03-02T14:15:00+05:30,2026-03-02T14:45:00+05:30,65.7,76.8,65.7,75.25,64.85,75.25,1.8,116.72999999999999,16.037,75.250000>116.730000,0,,
2026-03-02T15:13:58.173595Z,scan_candle,LT,2026-03-30,2026-03-02T00:00:00.999999,2026-03-02T20:42:34.569645,CE,4160.0,LT30MAR264160CE,131718,13,5,232.154,1,2026-03-02T14:45:00+05:30,2026-03-02T15:15:00+05:30,76.2,77.1,71.25,71.25,75.25,71.25,1.8,135.45000000000002,-5.3156,71.250000>135.450000,0,,
2026-03-02T15:13:58.192705Z,scan_strike,LT,2026-03-30,2026-03-02T00:00:00.999999,2026-03-02T20:42:34.569645,CE,4180.0,LT30MAR264180CE,136906,,,,,,,,,,,,,1.8,,,,,,
2026-03-02T15:13:58.313457Z,candles_loaded,LT,2026-03-30,2026-03-02T00:00:00.999999,2026-03-02T20:42:34.569645,CE,4180.0,LT30MAR264180CE,136906,13,5,149.231,1,,,,,,,,,1.8,,,,,,
2026-03-02T15:13:58.313457Z,scan_candle,LT,2026-03-30,2026-03-02T00:00:00.999999,2026-03-02T20:42:34.569645,CE,4180.0,LT30MAR264180CE,136906,13,5,149.231,1,2026-03-02T09:15:00+05:30,2026-03-02T09:45:00+05:30,72.3,72.6,50.1,50.35,71.15,50.35,1.8,128.07000000000002,-29.234,50.350000>128.070000,0,,
2026-03-02T15:13:58.313457Z,scan_candle,LT,2026-03-30,2026-03-02T00:00:00.999999,2026-03-02T20:42:34.569645,CE,4180.0,LT30MAR264180CE,136906,13,5,149.231,1,2026-03-02T09:45:00+05:30,2026-03-02T10:15:00+05:30,50.85,53.9,48.0,48.0,50.35,48.0,1.8,90.63000000000001,-4.6673,48.000000>90.630000,0,,
2026-03-02T15:13:58.313457Z,scan_candle,LT,2026-03-30,2026-03-02T00:00:00.999999,2026-03-02T20:42:34.569645,CE,4180.0,LT30MAR264180CE,136906,13,5,149.231,1,2026-03-02T10:15:00+05:30,2026-03-02T10:45:00+05:30,48.05,51.45,46.75,48.0,48.0,48.0,1.8,86.4,0.0,48.000000>86.400000,0,,
2026-03-02T15:13:58.314456Z,scan_candle,LT,2026-03-30,2026-03-02T00:00:00.999999,2026-03-02T20:42:34.569645,CE,4180.0,LT30MAR264180CE,136906,13,5,149.231,1,2026-03-02T10:45:00+05:30,2026-03-02T11:15:00+05:30,47.35,47.5,43.8,46.1,48.0,46.1,1.8,86.4,-3.9583,46.100000>86.400000,0,,
2026-03-02T15:13:58.314456Z,scan_candle,LT,2026-03-30,2026-03-02T00:00:00.999999,2026-03-02T20:42:34.569645,CE,4180.0,LT30MAR264180CE,136906,13,5,149.231,1,2026-03-02T11:15:00+05:30,2026-03-02T11:45:00+05:30,45.55,47.0,43.0,45.75,46.1,45.75,1.8,82.98,-0.7592,45.750000>82.980000,0,,
2026-03-02T15:13:58.314456Z,scan_candle,LT,2026-03-30,2026-03-02T00:00:00.999999,2026-03-02T20:42:34.569645,CE,4180.0,LT30MAR264180CE,136906,13,5,149.231,1,2026-03-02T11:45:00+05:30,2026-03-02T12:15:00+05:30,44.95,44.95,40.05,40.25,45.75,40.25,1.8,82.35000000000001,-12.0219,40.250000>82.350000,0,,
2026-03-02T15:13:58.314456Z,scan_candle,LT,2026-03-30,2026-03-02T00:00:00.999999,2026-03-02T20:42:34.569645,CE,4180.0,LT30MAR264180CE,136906,13,5,149.231,1,2026-03-02T12:15:00+05:30,2026-03-02T12:45:00+05:30,40.0,45.0,39.8,45.0,40.25,45.0,1.8,72.45,11.8012,45.000000>72.450000,0,,
2026-03-02T15:13:58.314456Z,scan_candle,LT,2026-03-30,2026-03-02T00:00:00.999999,2026-03-02T20:42:34.569645,CE,4180.0,LT30MAR264180CE,136906,13,5,149.231,1,2026-03-02T12:45:00+05:30,2026-03-02T13:15:00+05:30,44.55,49.5,44.55,49.5,45.0,49.5,1.8,81.0,10.0,49.500000>81.000000,0,,
2026-03-02T15:13:58.314456Z,scan_candle,LT,2026-03-30,2026-03-02T00:00:00.999999,2026-03-02T20:42:34.569645,CE,4180.0,LT30MAR264180CE,136906,13,5,149.231,1,2026-03-02T13:15:00+05:30,2026-03-02T13:45:00+05:30,50.0,55.05,46.65,54.15,49.5,54.15,1.8,89.10000000000001,9.3939,54.150000>89.100000,0,,
2026-03-02T15:13:58.314456Z,scan_candle,LT,2026-03-30,2026-03-02T00:00:00.999999,2026-03-02T20:42:34.569645,CE,4180.0,LT30MAR264180CE,136906,13,5,149.231,1,2026-03-02T13:45:00+05:30,2026-03-02T14:15:00+05:30,52.5,59.65,50.0,58.85,54.15,58.85,1.8,97.47,8.6796,58.850000>97.470000,0,,
2026-03-02T15:13:58.314456Z,scan_candle,LT,2026-03-30,2026-03-02T00:00:00.999999,2026-03-02T20:42:34.569645,CE,4180.0,LT30MAR264180CE,136906,13,5,149.231,1,2026-03-02T14:15:00+05:30,2026-03-02T14:45:00+05:30,58.9,69.35,58.9,65.9,58.85,65.9,1.8,105.93,11.9796,65.900000>105.930000,0,,
2026-03-02T15:13:58.314456Z,scan_candle,LT,2026-03-30,2026-03-02T00:00:00.999999,2026-03-02T20:42:34.569645,CE,4180.0,LT30MAR264180CE,136906,13,5,149.231,1,2026-03-02T14:45:00+05:30,2026-03-02T15:15:00+05:30,68.35,69.15,64.55,64.7,65.9,64.7,1.8,118.62000000000002,-1.8209,64.700000>118.620000,0,,
2026-03-02T15:13:58.328144Z,scan_strike,LT,2026-03-30,2026-03-02T00:00:00.999999,2026-03-02T20:42:34.569645,CE,4200.0,LTIM30MAR264200CE,132779,,,,,,,,,,,,,1.8,,,,,,
2026-03-02T15:14:00.946370Z,skip_strike,LT,2026-03-30,2026-03-02T00:00:00.999999,2026-03-02T20:42:34.569645,CE,4200.0,LTIM30MAR264200CE,132779,0,5,,,,,,,,,,,1.8,,,,,insufficient_candles,
2026-03-02T15:14:00.962946Z,scan_strike,LT,2026-03-30,2026-03-02T00:00:00.999999,2026-03-02T20:42:34.569645,CE,4220.0,LT30MAR264220CE,136908,,,,,,,,,,,,,1.8,,,,,,
2026-03-02T15:14:01.081937Z,candles_loaded,LT,2026-03-30,2026-03-02T00:00:00.999999,2026-03-02T20:42:34.569645,CE,4220.0,LT30MAR264220CE,136908,13,5,74.077,1,,,,,,,,,1.8,,,,,,
2026-03-02T15:14:01.081937Z,scan_candle,LT,2026-03-30,2026-03-02T00:00:00.999999,2026-03-02T20:42:34.569645,CE,4220.0,LT30MAR264220CE,136908,13,5,74.077,1,2026-03-02T09:15:00+05:30,2026-03-02T09:45:00+05:30,56.7,56.9,38.0,38.0,56.95,38.0,1.8,102.51,-33.2748,38.000000>102.510000,0,,
2026-03-02T15:14:01.081937Z,scan_candle,LT,2026-03-30,2026-03-02T00:00:00.999999,2026-03-02T20:42:34.569645,CE,4220.0,LT30MAR264220CE,136908,13,5,74.077,1,2026-03-02T09:45:00+05:30,2026-03-02T10:15:00+05:30,39.15,41.65,37.55,37.6,38.0,37.6,1.8,68.4,-1.0526,37.600000>68.400000,0,,
2026-03-02T15:14:01.081937Z,scan_candle,LT,2026-03-30,2026-03-02T00:00:00.999999,2026-03-02T20:42:34.569645,CE,4220.0,LT30MAR264220CE,136908,13,5,74.077,1,2026-03-02T10:15:00+05:30,2026-03-02T10:45:00+05:30,36.35,39.6,36.0,37.95,37.6,37.95,1.8,67.68,0.9309,37.950000>67.680000,0,,
2026-03-02T15:14:01.081937Z,scan_candle,LT,2026-03-30,2026-03-02T00:00:00.999999,2026-03-02T20:42:34.569645,CE,4220.0,LT30MAR264220CE,136908,13,5,74.077,1,2026-03-02T10:45:00+05:30,2026-03-02T11:15:00+05:30,36.85,36.9,33.75,35.4,37.95,35.4,1.8,68.31,-6.7194,35.400000>68.310000,0,,
2026-03-02T15:14:01.081937Z,scan_candle,LT,2026-03-30,2026-03-02T00:00:00.999999,2026-03-02T20:42:34.569645,CE,4220.0,LT30MAR264220CE,136908,13,5,74.077,1,2026-03-02T11:15:00+05:30,2026-03-02T11:45:00+05:30,35.25,36.35,33.35,35.55,35.4,35.55,1.8,63.72,0.4237,35.550000>63.720000,0,,
2026-03-02T15:14:01.081937Z,scan_candle,LT,2026-03-30,2026-03-02T00:00:00.999999,2026-03-02T20:42:34.569645,CE,4220.0,LT30MAR264220CE,136908,13,5,74.077,1,2026-03-02T11:45:00+05:30,2026-03-02T12:15:00+05:30,35.05,35.05,31.5,31.5,35.55,31.5,1.8,63.989999999999995,-11.3924,31.500000>63.990000,0,,
2026-03-02T15:14:01.081937Z,scan_candle,LT,2026-03-30,2026-03-02T00:00:00.999999,2026-03-02T20:42:34.569645,CE,4220.0,LT30MAR264220CE,136908,13,5,74.077,1,2026-03-02T12:15:00+05:30,2026-03-02T12:45:00+05:30,31.6,35.35,31.6,35.35,31.5,35.35,1.8,56.7,12.2222,35.350000>56.700000,0,,
2026-03-02T15:14:01.081937Z,scan_candle,LT,2026-03-30,2026-03-02T00:00:00.999999,2026-03-02T20:42:34.569645,CE,4220.0,LT30MAR264220CE,136908,13,5,74.077,1,2026-03-02T12:45:00+05:30,2026-03-02T13:15:00+05:30,35.1,38.2,35.1,38.2,35.35,38.2,1.8,63.63,8.0622,38.200000>63.630000,0,,
2026-03-02T15:14:01.081937Z,scan_candle,LT,2026-03-30,2026-03-02T00:00:00.999999,2026-03-02T20:42:34.569645,CE,4220.0,LT30MAR264220CE,136908,13,5,74.077,1,2026-03-02T13:15:00+05:30,2026-03-02T13:45:00+05:30,38.85,43.8,38.0,43.0,38.2,43.0,1.8,68.76,12.5654,43.000000>68.760000,0,,
2026-03-02T15:14:01.082936Z,scan_candle,LT,2026-03-30,2026-03-02T00:00:00.999999,2026-03-02T20:42:34.569645,CE,4220.0,LT30MAR264220CE,136908,13,5,74.077,1,2026-03-02T13:45:00+05:30,2026-03-02T14:15:00+05:30,42.75,46.7,39.45,46.4,43.0,46.4,1.8,77.4,7.907,46.400000>77.400000,0,,
2026-03-02T15:14:01.082936Z,scan_candle,LT,2026-03-30,2026-03-02T00:00:00.999999,2026-03-02T20:42:34.569645,CE,4220.0,LT30MAR264220CE,136908,13,5,74.077,1,2026-03-02T14:15:00+05:30,2026-03-02T14:45:00+05:30,47.0,55.0,47.0,52.85,46.4,52.85,1.8,83.52,13.9009,52.850000>83.520000,0,,
2026-03-02T15:14:01.082936Z,scan_candle,LT,2026-03-30,2026-03-02T00:00:00.999999,2026-03-02T20:42:34.569645,CE,4220.0,LT30MAR264220CE,136908,13,5,74.077,1,2026-03-02T14:45:00+05:30,2026-03-02T15:15:00+05:30,54.95,55.7,51.8,52.6,52.85,52.6,1.8,95.13000000000001,-0.473,52.600000>95.130000,0,,
2026-03-02T15:14:01.113689Z,scan_strike,LT,2026-03-30,2026-03-02T00:00:00.999999,2026-03-02T20:42:34.569645,PE,4100.0,LT30MAR264100PE,136903,,,,,,,,,,,,,1.8,,,,,,
2026-03-02T15:14:01.189460Z,candles_loaded,LT,2026-03-30,2026-03-02T00:00:00.999999,2026-03-02T20:42:34.569645,PE,4100.0,LT30MAR264100PE,136903,13,5,779.538,1,,,,,,,,,1.8,,,,,,
2026-03-02T15:14:01.189460Z,scan_candle,LT,2026-03-30,2026-03-02T00:00:00.999999,2026-03-02T20:42:34.569645,PE,4100.0,LT30MAR264100PE,136903,13,5,779.538,1,2026-03-02T09:15:00+05:30,2026-03-02T09:45:00+05:30,80.7,119.55,75.5,113.9,80.0,113.9,1.8,144.0,42.375,113.900000>144.000000,0,,
2026-03-02T15:14:01.189460Z,scan_candle,LT,2026-03-30,2026-03-02T00:00:00.999999,2026-03-02T20:42:34.569645,PE,4100.0,LT30MAR264100PE,136903,13,5,779.538,1,2026-03-02T09:45:00+05:30,2026-03-02T10:15:00+05:30,113.6,124.3,106.25,119.0,113.9,119.0,1.8,205.02,4.4776,119.000000>205.020000,0,,
2026-03-02T15:14:01.189460Z,scan_candle,LT,2026-03-30,2026-03-02T00:00:00.999999,2026-03-02T20:42:34.569645,PE,4100.0,LT30MAR264100PE,136903,13,5,779.538,1,2026-03-02T10:15:00+05:30,2026-03-02T10:45:00+05:30,120.0,124.3,111.4,121.65,119.0,121.65,1.8,214.20000000000002,2.2269,121.650000>214.200000,0,,
2026-03-02T15:14:01.189460Z,scan_candle,LT,2026-03-30,2026-03-02T00:00:00.999999,2026-03-02T20:42:34.569645,PE,4100.0,LT30MAR264100PE,136903,13,5,779.538,1,2026-03-02T10:45:00+05:30,2026-03-02T11:15:00+05:30,121.8,132.0,121.7,131.0,121.65,131.0,1.8,218.97000000000003,7.686,131.000000>218.970000,0,,
2026-03-02T15:14:01.189460Z,scan_candle,LT,2026-03-30,2026-03-02T00:00:00.999999,2026-03-02T20:42:34.569645,PE,4100.0,LT30MAR264100PE,136903,13,5,779.538,1,2026-03-02T11:15:00+05:30,2026-03-02T11:45:00+05:30,131.85,141.15,126.25,133.7,131.0,133.7,1.8,235.8,2.0611,133.700000>235.800000,0,,
2026-03-02T15:14:01.190489Z,scan_candle,LT,2026-03-30,2026-03-02T00:00:00.999999,2026-03-02T20:42:34.569645,PE,4100.0,LT30MAR264100PE,136903,13,5,779.538,1,2026-03-02T11:45:00+05:30,2026-03-02T12:15:00+05:30,135.35,167.95,135.35,167.95,133.7,167.95,1.8,240.66,25.6171,167.950000>240.660000,0,,
2026-03-02T15:14:01.190489Z,scan_candle,LT,2026-03-30,2026-03-02T00:00:00.999999,2026-03-02T20:42:34.569645,PE,4100.0,LT30MAR264100PE,136903,13,5,779.538,1,2026-03-02T12:15:00+05:30,2026-03-02T12:45:00+05:30,167.95,173.95,159.3,163.2,167.95,163.2,1.8,302.31,-2.8282,163.200000>302.310000,0,,
2026-03-02T15:14:01.190489Z,scan_candle,LT,2026-03-30,2026-03-02T00:00:00.999999,2026-03-02T20:42:34.569645,PE,4100.0,LT30MAR264100PE,136903,13,5,779.538,1,2026-03-02T12:45:00+05:30,2026-03-02T13:15:00+05:30,164.95,168.7,158.4,159.1,163.2,159.1,1.8,293.76,-2.5123,159.100000>293.760000,0,,
2026-03-02T15:14:01.190489Z,scan_candle,LT,2026-03-30,2026-03-02T00:00:00.999999,2026-03-02T20:42:34.569645,PE,4100.0,LT30MAR264100PE,136903,13,5,779.538,1,2026-03-02T13:15:00+05:30,2026-03-02T13:45:00+05:30,157.95,164.5,140.95,143.9,159.1,143.9,1.8,286.38,-9.5537,143.900000>286.380000,0,,
2026-03-02T15:14:01.190489Z,scan_candle,LT,2026-03-30,2026-03-02T00:00:00.999999,2026-03-02T20:42:34.569645,PE,4100.0,LT30MAR264100PE,136903,13,5,779.538,1,2026-03-02T13:45:00+05:30,2026-03-02T14:15:00+05:30,143.2,153.55,128.0,128.0,143.9,128.0,1.8,259.02000000000004,-11.0493,128.000000>259.020000,0,,
2026-03-02T15:14:01.190489Z,scan_candle,LT,2026-03-30,2026-03-02T00:00:00.999999,2026-03-02T20:42:34.569645,PE,4100.0,LT30MAR264100PE,136903,13,5,779.538,1,2026-03-02T14:15:00+05:30,2026-03-02T14:45:00+05:30,129.4,138.9,123.25,125.65,128.0,125.65,1.8,230.4,-1.8359,125.650000>230.400000,0,,
2026-03-02T15:14:01.190489Z,scan_candle,LT,2026-03-30,2026-03-02T00:00:00.999999,2026-03-02T20:42:34.569645,PE,4100.0,LT30MAR264100PE,136903,13,5,779.538,1,2026-03-02T14:45:00+05:30,2026-03-02T15:15:00+05:30,124.55,132.2,124.0,128.9,125.65,128.9,1.8,226.17000000000002,2.5865,128.900000>226.170000,0,,
2026-03-02T15:14:01.206198Z,scan_strike,LT,2026-03-30,2026-03-02T00:00:00.999999,2026-03-02T20:42:34.569645,PE,4080.0,LT30MAR264080PE,131701,,,,,,,,,,,,,1.8,,,,,,
2026-03-02T15:14:03.439102Z,candles_loaded,LT,2026-03-30,2026-03-02T00:00:00.999999,2026-03-02T20:42:34.569645,PE,4080.0,LT30MAR264080PE,131701,13,5,227.692,1,,,,,,,,,1.8,,,,,,
2026-03-02T15:14:03.439102Z,scan_candle,LT,2026-03-30,2026-03-02T00:00:00.999999,2026-03-02T20:42:34.569645,PE,4080.0,LT30MAR264080PE,131701,13,5,227.692,1,2026-03-02T09:15:00+05:30,2026-03-02T09:45:00+05:30,72.65,108.5,68.5,104.15,71.55,104.15,1.8,128.79,45.5625,104.150000>128.790000,0,,
2026-03-02T15:14:03.439102Z,scan_candle,LT,2026-03-30,2026-03-02T00:00:00.999999,2026-03-02T20:42:34.569645,PE,4080.0,LT30MAR264080PE,131701,13,5,227.692,1,2026-03-02T09:45:00+05:30,2026-03-02T10:15:00+05:30,104.55,113.3,97.45,109.9,104.15,109.9,1.8,187.47000000000003,5.5209,109.900000>187.470000,0,,
2026-03-02T15:14:03.439102Z,scan_candle,LT,2026-03-30,2026-03-02T00:00:00.999999,2026-03-02T20:42:34.569645,PE,4080.0,LT30MAR264080PE,131701,13,5,227.692,1,2026-03-02T10:15:00+05:30,2026-03-02T10:45:00+05:30,110.0,113.55,101.55,109.5,109.9,109.5,1.8,197.82000000000002,-0.364,109.500000>197.820000,0,,
2026-03-02T15:14:03.439102Z,scan_candle,LT,2026-03-30,2026-03-02T00:00:00.999999,2026-03-02T20:42:34.569645,PE,4080.0,LT30MAR264080PE,131701,13,5,227.692,1,2026-03-02T10:45:00+05:30,2026-03-02T11:15:00+05:30,113.8,121.4,111.85,119.6,109.5,119.6,1.8,197.1,9.2237,119.600000>197.100000,0,,
2026-03-02T15:14:03.439102Z,scan_candle,LT,2026-03-30,2026-03-02T00:00:00.999999,2026-03-02T20:42:34.569645,PE,4080.0,LT30MAR264080PE,131701,13,5,227.692,1,2026-03-02T11:15:00+05:30,2026-03-02T11:45:00+05:30,120.8,128.85,115.7,124.0,119.6,124.0,1.8,215.28,3.6789,124.000000>215.280000,0,,
2026-03-02T15:14:03.440101Z,scan_candle,LT,2026-03-30,2026-03-02T00:00:00.999999,2026-03-02T20:42:34.569645,PE,4080.0,LT30MAR264080PE,131701,13,5,227.692,1,2026-03-02T11:45:00+05:30,2026-03-02T12:15:00+05:30,124.9,156.1,124.9,154.7,124.0,154.7,1.8,223.20000000000002,24.7581,154.700000>223.200000,0,,
2026-03-02T15:14:03.440101Z,scan_candle,LT,2026-03-30,2026-03-02T00:00:00.999999,2026-03-02T20:42:34.569645,PE,4080.0,LT30MAR264080PE,131701,13,5,227.692,1,2026-03-02T12:15:00+05:30,2026-03-02T12:45:00+05:30,156.15,160.4,148.65,151.35,154.7,151.35,1.8,278.46,-2.1655,151.350000>278.460000,0,,
2026-03-02T15:14:03.440101Z,scan_candle,LT,2026-03-30,2026-03-02T00:00:00.999999,2026-03-02T20:42:34.569645,PE,4080.0,LT30MAR264080PE,131701,13,5,227.692,1,2026-03-02T12:45:00+05:30,2026-03-02T13:15:00+05:30,152.8,156.9,147.25,150.9,151.35,150.9,1.8,272.43,-0.2973,150.900000>272.430000,0,,
2026-03-02T15:14:03.440101Z,scan_candle,LT,2026-03-30,2026-03-02T00:00:00.999999,2026-03-02T20:42:34.569645,PE,4080.0,LT30MAR264080PE,131701,13,5,227.692,1,2026-03-02T13:15:00+05:30,2026-03-02T13:45:00+05:30,146.5,154.35,130.15,132.45,150.9,132.45,1.8,271.62,-12.2266,132.450000>271.620000,0,,
2026-03-02T15:14:03.440101Z,scan_candle,LT,2026-03-30,2026-03-02T00:00:00.999999,2026-03-02T20:42:34.569645,PE,4080.0,LT30MAR264080PE,131701,13,5,227.692,1,2026-03-02T13:45:00+05:30,2026-03-02T14:15:00+05:30,132.75,139.45,117.95,118.35,132.45,118.35,1.8,238.41,-10.6455,118.350000>238.410000,0,,
2026-03-02T15:14:03.440101Z,scan_candle,LT,2026-03-30,2026-03-02T00:00:00.999999,2026-03-02T20:42:34.569645,PE,4080.0,LT30MAR264080PE,131701,13,5,227.692,1,2026-03-02T14:15:00+05:30,2026-03-02T14:45:00+05:30,122.35,127.75,113.7,114.8,118.35,114.8,1.8,213.03,-2.9996,114.800000>213.030000,0,,
2026-03-02T15:14:03.440101Z,scan_candle,LT,2026-03-30,2026-03-02T00:00:00.999999,2026-03-02T20:42:34.569645,PE,4080.0,LT30MAR264080PE,131701,13,5,227.692,1,2026-03-02T14:45:00+05:30,2026-03-02T15:15:00+05:30,114.8,121.3,114.8,119.7,114.8,119.7,1.8,206.64,4.2683,119.700000>206.640000,0,,
2026-03-02T15:14:03.450611Z,scan_strike,LT,2026-03-30,2026-03-02T00:00:00.999999,2026-03-02T20:42:34.569645,PE,4060.0,LT30MAR264060PE,136837,,,,,,,,,,,,,1.8,,,,,,
2026-03-02T15:14:03.584561Z,candles_loaded,LT,2026-03-30,2026-03-02T00:00:00.999999,2026-03-02T20:42:34.569645,PE,4060.0,LT30MAR264060PE,136837,13,5,355.846,1,,,,,,,,,1.8,,,,,,
2026-03-02T15:14:03.584561Z,scan_candle,LT,2026-03-30,2026-03-02T00:00:00.999999,2026-03-02T20:42:34.569645,PE,4060.0,LT30MAR264060PE,136837,13,5,355.846,1,2026-03-02T09:15:00+05:30,2026-03-02T09:45:00+05:30,65.5,99.45,61.6,95.0,64.45,95.0,1.8,116.01,47.4011,95.000000>116.010000,0,,
2026-03-02T15:14:03.584561Z,scan_candle,LT,2026-03-30,2026-03-02T00:00:00.999999,2026-03-02T20:42:34.569645,PE,4060.0,LT30MAR264060PE,136837,13,5,355.846,1,2026-03-02T09:45:00+05:30,2026-03-02T10:15:00+05:30,95.0,104.0,88.4,100.0,95.0,100.0,1.8,171.0,5.2632,100.000000>171.000000,0,,
2026-03-02T15:14:03.584561Z,scan_candle,LT,2026-03-30,2026-03-02T00:00:00.999999,2026-03-02T20:42:34.569645,PE,4060.0,LT30MAR264060PE,136837,13,5,355.846,1,2026-03-02T10:15:00+05:30,2026-03-02T10:45:00+05:30,100.1,104.0,91.6,101.45,100.0,101.45,1.8,180.0,1.45,101.450000>180.000000,0,,
2026-03-02T15:14:03.584561Z,scan_candle,LT,2026-03-30,2026-03-02T00:00:00.999999,2026-03-02T20:42:34.569645,PE,4060.0,LT30MAR264060PE,136837,13,5,355.846,1,2026-03-02T10:45:00+05:30,2026-03-02T11:15:00+05:30,102.0,110.5,101.8,110.0,101.45,110.0,1.8,182.61,8.4278,110.000000>182.610000,0,,
2026-03-02T15:14:03.586066Z,scan_candle,LT,2026-03-30,2026-03-02T00:00:00.999999,2026-03-02T20:42:34.569645,PE,4060.0,LT30MAR264060PE,136837,13,5,355.846,1,2026-03-02T11:15:00+05:30,2026-03-02T11:45:00+05:30,110.65,119.0,105.65,112.85,110.0,112.85,1.8,198.0,2.5909,112.850000>198.000000,0,,
2026-03-02T15:14:03.586066Z,scan_candle,LT,2026-03-30,2026-03-02T00:00:00.999999,2026-03-02T20:42:34.569645,PE,4060.0,LT30MAR264060PE,136837,13,5,355.846,1,2026-03-02T11:45:00+05:30,2026-03-02T12:15:00+05:30,114.5,143.65,114.5,143.2,112.85,143.2,1.8,203.13,26.8941,143.200000>203.130000,0,,
2026-03-02T15:14:03.586066Z,scan_candle,LT,2026-03-30,2026-03-02T00:00:00.999999,2026-03-02T20:42:34.569645,PE,4060.0,LT30MAR264060PE,136837,13,5,355.846,1,2026-03-02T12:15:00+05:30,2026-03-02T12:45:00+05:30,144.05,148.45,137.4,141.2,143.2,141.2,1.8,257.76,-1.3966,141.200000>257.760000,0,,
2026-03-02T15:14:03.586066Z,scan_candle,LT,2026-03-30,2026-03-02T00:00:00.999999,2026-03-02T20:42:34.569645,PE,4060.0,LT30MAR264060PE,136837,13,5,355.846,1,2026-03-02T12:45:00+05:30,2026-03-02T13:15:00+05:30,142.2,144.9,136.4,139.5,141.2,139.5,1.8,254.16,-1.204,139.500000>254.160000,0,,
2026-03-02T15:14:03.586066Z,scan_candle,LT,2026-03-30,2026-03-02T00:00:00.999999,2026-03-02T20:42:34.569645,PE,4060.0,LT30MAR264060PE,136837,13,5,355.846,1,2026-03-02T13:15:00+05:30,2026-03-02T13:45:00+05:30,135.0,142.0,120.0,121.65,139.5,121.65,1.8,251.1,-12.7957,121.650000>251.100000,0,,
2026-03-02T15:14:03.586066Z,scan_candle,LT,2026-03-30,2026-03-02T00:00:00.999999,2026-03-02T20:42:34.569645,PE,4060.0,LT30MAR264060PE,136837,13,5,355.846,1,2026-03-02T13:45:00+05:30,2026-03-02T14:15:00+05:30,126.0,128.7,108.7,108.9,121.65,108.9,1.8,218.97000000000003,-10.4809,108.900000>218.970000,0,,
2026-03-02T15:14:03.586066Z,scan_candle,LT,2026-03-30,2026-03-02T00:00:00.999999,2026-03-02T20:42:34.569645,PE,4060.0,LT30MAR264060PE,136837,13,5,355.846,1,2026-03-02T14:15:00+05:30,2026-03-02T14:45:00+05:30,109.65,118.05,105.4,106.35,108.9,106.35,1.8,196.02,-2.3416,106.350000>196.020000,0,,
2026-03-02T15:14:03.586066Z,scan_candle,LT,2026-03-30,2026-03-02T00:00:00.999999,2026-03-02T20:42:34.569645,PE,4060.0,LT30MAR264060PE,136837,13,5,355.846,1,2026-03-02T14:45:00+05:30,2026-03-02T15:15:00+05:30,106.0,112.1,105.5,111.55,106.35,111.55,1.8,191.43,4.8895,111.550000>191.430000,0,,
2026-03-02T15:14:03.601590Z,scan_strike,LT,2026-03-30,2026-03-02T00:00:00.999999,2026-03-02T20:42:34.569645,PE,4040.0,LT30MAR264040PE,131699,,,,,,,,,,,,,1.8,,,,,,
2026-03-02T15:14:03.739255Z,candles_loaded,LT,2026-03-30,2026-03-02T00:00:00.999999,2026-03-02T20:42:34.569645,PE,4040.0,LT30MAR264040PE,131699,13,5,381.538,1,,,,,,,,,1.8,,,,,,
2026-03-02T15:14:03.740255Z,scan_candle,LT,2026-03-30,2026-03-02T00:00:00.999999,2026-03-02T20:42:34.569645,PE,4040.0,LT30MAR264040PE,131699,13,5,381.538,1,2026-03-02T09:15:00+05:30,2026-03-02T09:45:00+05:30,57.95,90.85,55.25,87.0,57.75,87.0,1.8,103.95,50.6494,87.000000>103.950000,0,,
2026-03-02T15:14:03.740255Z,scan_candle,LT,2026-03-30,2026-03-02T00:00:00.999999,2026-03-02T20:42:34.569645,PE,4040.0,LT30MAR264040PE,131699,13,5,381.538,1,2026-03-02T09:45:00+05:30,2026-03-02T10:15:00+05:30,86.05,94.95,80.05,91.3,87.0,91.3,1.8,156.6,4.9425,91.300000>156.600000,0,,
2026-03-02T15:14:03.740255Z,scan_candle,LT,2026-03-30,2026-03-02T00:00:00.999999,2026-03-02T20:42:34.569645,PE,4040.0,LT30MAR264040PE,131699,13,5,381.538,1,2026-03-02T10:15:00+05:30,2026-03-02T10:45:00+05:30,91.3,95.3,84.25,92.55,91.3,92.55,1.8,164.34,1.3691,92.550000>164.340000,0,,
2026-03-02T15:14:03.740255Z,scan_candle,LT,2026-03-30,2026-03-02T00:00:00.999999,2026-03-02T20:42:34.569645,PE,4040.0,LT30MAR264040PE,131699,13,5,381.538,1,2026-03-02T10:45:00+05:30,2026-03-02T11:15:00+05:30,92.5,102.0,92.3,101.0,92.55,101.0,1.8,166.59,9.1302,101.000000>166.590000,0,,
2026-03-02T15:14:03.740255Z,scan_candle,LT,2026-03-30,2026-03-02T00:00:00.999999,2026-03-02T20:42:34.569645,PE,4040.0,LT30MAR264040PE,131699,13,5,381.538,1,2026-03-02T11:15:00+05:30,2026-03-02T11:45:00+05:30,101.0,109.4,96.5,104.5,101.0,104.5,1.8,181.8,3.4653,104.500000>181.800000,0,,
2026-03-02T15:14:03.740255Z,scan_candle,LT,2026-03-30,2026-03-02T00:00:00.999999,2026-03-02T20:42:34.569645,PE,4040.0,LT30MAR264040PE,131699,13,5,381.538,1,2026-03-02T11:45:00+05:30,2026-03-02T12:15:00+05:30,105.55,133.0,105.55,132.7,104.5,132.7,1.8,188.1,26.9856,132.700000>188.100000,0,,
2026-03-02T15:14:03.740255Z,scan_candle,LT,2026-03-30,2026-03-02T00:00:00.999999,2026-03-02T20:42:34.569645,PE,4040.0,LT30MAR264040PE,131699,13,5,381.538,1,2026-03-02T12:15:00+05:30,2026-03-02T12:45:00+05:30,132.5,140.4,128.25,130.2,132.7,130.2,1.8,238.85999999999999,-1.8839,130.200000>238.860000,0,,
2026-03-02T15:14:03.740255Z,scan_candle,LT,2026-03-30,2026-03-02T00:00:00.999999,2026-03-02T20:42:34.569645,PE,4040.0,LT30MAR264040PE,131699,13,5,381.538,1,2026-03-02T12:45:00+05:30,2026-03-02T13:15:00+05:30,132.1,135.0,125.6,127.8,130.2,127.8,1.8,234.35999999999999,-1.8433,127.800000>234.360000,0,,
2026-03-02T15:14:03.740255Z,scan_candle,LT,2026-03-30,2026-03-02T00:00:00.999999,2026-03-02T20:42:34.569645,PE,4040.0,LT30MAR264040PE,131699,13,5,381.538,1,2026-03-02T13:15:00+05:30,2026-03-02T13:45:00+05:30,125.95,133.65,110.15,112.3,127.8,112.3,1.8,230.04,-12.1283,112.300000>230.040000,0,,
2026-03-02T15:14:03.740255Z,scan_candle,LT,2026-03-30,2026-03-02T00:00:00.999999,2026-03-02T20:42:34.569645,PE,4040.0,LT30MAR264040PE,131699,13,5,381.538,1,2026-03-02T13:45:00+05:30,2026-03-02T14:15:00+05:30,113.0,120.0,98.95,99.8,112.3,99.8,1.8,202.14,-11.1309,99.800000>202.140000,0,,
2026-03-02T15:14:03.740255Z,scan_candle,LT,2026-03-30,2026-03-02T00:00:00.999999,2026-03-02T20:42:34.569645,PE,4040.0,LT30MAR264040PE,131699,13,5,381.538,1,2026-03-02T14:15:00+05:30,2026-03-02T14:45:00+05:30,103.2,109.8,96.5,98.0,99.8,98.0,1.8,179.64,-1.8036,98.000000>179.640000,0,,
2026-03-02T15:14:03.740255Z,scan_candle,LT,2026-03-30,2026-03-02T00:00:00.999999,2026-03-02T20:42:34.569645,PE,4040.0,LT30MAR264040PE,131699,13,5,381.538,1,2026-03-02T14:45:00+05:30,2026-03-02T15:15:00+05:30,97.45,103.0,97.3,101.1,98.0,101.1,1.8,176.4,3.1633,101.100000>176.400000,0,,
2026-03-02T15:14:03.773959Z,scan_strike,LT,2026-03-30,2026-03-02T00:00:00.999999,2026-03-02T20:42:34.569645,PE,4020.0,LT30MAR264020PE,136835,,,,,,,,,,,,,1.8,,,,,,
2026-03-02T15:14:05.954450Z,candles_loaded,LT,2026-03-30,2026-03-02T00:00:00.999999,2026-03-02T20:42:34.569645,PE,4020.0,LT30MAR264020PE,136835,13,5,314.154,1,,,,,,,,,1.8,,,,,,
2026-03-02T15:14:05.954450Z,scan_candle,LT,2026-03-30,2026-03-02T00:00:00.999999,2026-03-02T20:42:34.569645,PE,4020.0,LT30MAR264020PE,136835,13,5,314.154,1,2026-03-02T09:15:00+05:30,2026-03-02T09:45:00+05:30,51.85,83.2,49.35,78.9,52.1,78.9,1.8,93.78,51.4395,78.900000>93.780000,0,,
2026-03-02T15:14:05.954450Z,scan_candle,LT,2026-03-30,2026-03-02T00:00:00.999999,2026-03-02T20:42:34.569645,PE,4020.0,LT30MAR264020PE,136835,13,5,314.154,1,2026-03-02T09:45:00+05:30,2026-03-02T10:15:00+05:30,81.05,86.4,72.65,82.1,78.9,82.1,1.8,142.02,4.0558,82.100000>142.020000,0,,
2026-03-02T15:14:05.954450Z,scan_candle,LT,2026-03-30,2026-03-02T00:00:00.999999,2026-03-02T20:42:34.569645,PE,4020.0,LT30MAR264020PE,136835,13,5,314.154,1,2026-03-02T10:15:00+05:30,2026-03-02T10:45:00+05:30,82.0,86.25,75.5,82.8,82.1,82.8,1.8,147.78,0.8526,82.800000>147.780000,0,,
2026-03-02T15:14:05.954450Z,scan_candle,LT,2026-03-30,2026-03-02T00:00:00.999999,2026-03-02T20:42:34.569645,PE,4020.0,LT30MAR264020PE,136835,13,5,314.154,1,2026-03-02T10:45:00+05:30,2026-03-02T11:15:00+05:30,84.55,93.1,84.55,91.85,82.8,91.85,1.8,149.04,10.93,91.850000>149.040000,0,,
2026-03-02T15:14:05.954450Z,scan_candle,LT,2026-03-30,2026-03-02T00:00:00.999999,2026-03-02T20:42:34.569645,PE,4020.0,LT30MAR264020PE,136835,13,5,314.154,1,2026-03-02T11:15:00+05:30,2026-03-02T11:45:00+05:30,91.95,100.4,88.05,96.35,91.85,96.35,1.8,165.32999999999998,4.8993,96.350000>165.330000,0,,
2026-03-02T15:14:05.954450Z,scan_candle,LT,2026-03-30,2026-03-02T00:00:00.999999,2026-03-02T20:42:34.569645,PE,4020.0,LT30MAR264020PE,136835,13,5,314.154,1,2026-03-02T11:45:00+05:30,2026-03-02T12:15:00+05:30,96.35,123.25,95.9,123.0,96.35,123.0,1.8,173.43,27.6596,123.000000>173.430000,0,,
2026-03-02T15:14:05.954450Z,scan_candle,LT,2026-03-30,2026-03-02T00:00:00.999999,2026-03-02T20:42:34.569645,PE,4020.0,LT30MAR264020PE,136835,13,5,314.154,1,2026-03-02T12:15:00+05:30,2026-03-02T12:45:00+05:30,124.1,129.0,118.0,121.1,123.0,121.1,1.8,221.4,-1.5447,121.100000>221.400000,0,,
2026-03-02T15:14:05.954450Z,scan_candle,LT,2026-03-30,2026-03-02T00:00:00.999999,2026-03-02T20:42:34.569645,PE,4020.0,LT30MAR264020PE,136835,13,5,314.154,1,2026-03-02T12:45:00+05:30,2026-03-02T13:15:00+05:30,120.75,125.7,116.5,117.15,121.1,117.15,1.8,217.98,-3.2618,117.150000>217.980000,0,,
2026-03-02T15:14:05.954450Z,scan_candle,LT,2026-03-30,2026-03-02T00:00:00.999999,2026-03-02T20:42:34.569645,PE,4020.0,LT30MAR264020PE,136835,13,5,314.154,1,2026-03-02T13:15:00+05:30,2026-03-02T13:45:00+05:30,117.0,123.1,101.45,103.1,117.15,103.1,1.8,210.87,-11.9932,103.100000>210.870000,0,,
2026-03-02T15:14:05.954450Z,scan_candle,LT,2026-03-30,2026-03-02T00:00:00.999999,2026-03-02T20:42:34.569645,PE,4020.0,LT30MAR264020PE,136835,13,5,314.154,1,2026-03-02T13:45:00+05:30,2026-03-02T14:15:00+05:30,104.85,110.6,90.3,91.7,103.1,91.7,1.8,185.57999999999998,-11.0572,91.700000>185.580000,0,,
2026-03-02T15:14:05.954450Z,scan_candle,LT,2026-03-30,2026-03-02T00:00:00.999999,2026-03-02T20:42:34.569645,PE,4020.0,LT30MAR264020PE,136835,13,5,314.154,1,2026-03-02T14:15:00+05:30,2026-03-02T14:45:00+05:30,93.95,100.4,89.15,89.15,91.7,89.15,1.8,165.06,-2.7808,89.150000>165.060000,0,,
2026-03-02T15:14:05.954450Z,scan_candle,LT,2026-03-30,2026-03-02T00:00:00.999999,2026-03-02T20:42:34.569645,PE,4020.0,LT30MAR264020PE,136835,13,5,314.154,1,2026-03-02T14:45:00+05:30,2026-03-02T15:15:00+05:30,89.7,95.0,89.2,93.85,89.15,93.85,1.8,160.47000000000003,5.272,93.850000>160.470000,0,,
2026-03-02T15:14:05.984165Z,scan_strike,LT,2026-03-30,2026-03-02T00:00:00.999999,2026-03-02T20:42:34.569645,PE,4000.0,LT30MAR264000PE,131697,,,,,,,,,,,,,1.8,,,,,,
2026-03-02T15:14:06.084289Z,candles_loaded,LT,2026-03-30,2026-03-02T00:00:00.999999,2026-03-02T20:42:34.569645,PE,4000.0,LT30MAR264000PE,131697,13,5,2030.462,1,,,,,,,,,1.8,,,,,,
2026-03-02T15:14:06.084289Z,scan_candle,LT,2026-03-30,2026-03-02T00:00:00.999999,2026-03-02T20:42:34.569645,PE,4000.0,LT30MAR264000PE,131697,13,5,2030.462,1,2026-03-02T09:15:00+05:30,2026-03-02T09:45:00+05:30,47.65,74.7,43.25,71.45,47.1,71.45,1.8,84.78,51.6985,71.450000>84.780000,0,,
2026-03-02T15:14:06.084289Z,scan_candle,LT,2026-03-30,2026-03-02T00:00:00.999999,2026-03-02T20:42:34.569645,PE,4000.0,LT30MAR264000PE,131697,13,5,2030.462,1,2026-03-02T09:45:00+05:30,2026-03-02T10:15:00+05:30,71.4,78.9,64.95,74.65,71.45,74.65,1.8,128.61,4.4787,74.650000>128.610000,0,,
2026-03-02T15:14:06.084289Z,scan_candle,LT,2026-03-30,2026-03-02T00:00:00.999999,2026-03-02T20:42:34.569645,PE,4000.0,LT30MAR264000PE,131697,13,5,2030.462,1,2026-03-02T10:15:00+05:30,2026-03-02T10:45:00+05:30,74.45,78.0,67.4,76.1,74.65,76.1,1.8,134.37,1.9424,76.100000>134.370000,0,,
2026-03-02T15:14:06.084289Z,scan_candle,LT,2026-03-30,2026-03-02T00:00:00.999999,2026-03-02T20:42:34.569645,PE,4000.0,LT30MAR264000PE,131697,13,5,2030.462,1,2026-03-02T10:45:00+05:30,2026-03-02T11:15:00+05:30,76.8,84.9,76.2,83.5,76.1,83.5,1.8,136.98,9.724,83.500000>136.980000,0,,
2026-03-02T15:14:06.084289Z,scan_candle,LT,2026-03-30,2026-03-02T00:00:00.999999,2026-03-02T20:42:34.569645,PE,4000.0,LT30MAR264000PE,131697,13,5,2030.462,1,2026-03-02T11:15:00+05:30,2026-03-02T11:45:00+05:30,83.8,92.0,80.0,87.9,83.5,87.9,1.8,150.3,5.2695,87.900000>150.300000,0,,
2026-03-02T15:14:06.084289Z,scan_candle,LT,2026-03-30,2026-03-02T00:00:00.999999,2026-03-02T20:42:34.569645,PE,4000.0,LT30MAR264000PE,131697,13,5,2030.462,1,2026-03-02T11:45:00+05:30,2026-03-02T12:15:00+05:30,88.3,114.85,88.0,113.4,87.9,113.4,1.8,158.22000000000003,29.0102,113.400000>158.220000,0,,
2026-03-02T15:14:06.084289Z,scan_candle,LT,2026-03-30,2026-03-02T00:00:00.999999,2026-03-02T20:42:34.569645,PE,4000.0,LT30MAR264000PE,131697,13,5,2030.462,1,2026-03-02T12:15:00+05:30,2026-03-02T12:45:00+05:30,113.95,121.0,108.2,112.0,113.4,112.0,1.8,204.12,-1.2346,112.000000>204.120000,0,,
2026-03-02T15:14:06.084289Z,scan_candle,LT,2026-03-30,2026-03-02T00:00:00.999999,2026-03-02T20:42:34.569645,PE,4000.0,LT30MAR264000PE,131697,13,5,2030.462,1,2026-03-02T12:45:00+05:30,2026-03-02T13:15:00+05:30,113.0,116.05,106.3,108.4,112.0,108.4,1.8,201.6,-3.2143,108.400000>201.600000,0,,
2026-03-02T15:14:06.084289Z,scan_candle,LT,2026-03-30,2026-03-02T00:00:00.999999,2026-03-02T20:42:34.569645,PE,4000.0,LT30MAR264000PE,131697,13,5,2030.462,1,2026-03-02T13:15:00+05:30,2026-03-02T13:45:00+05:30,108.85,114.0,92.8,94.7,108.4,94.7,1.8,195.12,-12.6384,94.700000>195.120000,0,,
2026-03-02T15:14:06.084289Z,scan_candle,LT,2026-03-30,2026-03-02T00:00:00.999999,2026-03-02T20:42:34.569645,PE,4000.0,LT30MAR264000PE,131697,13,5,2030.462,1,2026-03-02T13:45:00+05:30,2026-03-02T14:15:00+05:30,95.0,102.7,82.15,84.85,94.7,84.85,1.8,170.46,-10.4013,84.850000>170.460000,0,,
2026-03-02T15:14:06.084289Z,scan_candle,LT,2026-03-30,2026-03-02T00:00:00.999999,2026-03-02T20:42:34.569645,PE,4000.0,LT30MAR264000PE,131697,13,5,2030.462,1,2026-03-02T14:15:00+05:30,2026-03-02T14:45:00+05:30,84.85,93.3,81.0,82.0,84.85,82.0,1.8,152.73,-3.3589,82.000000>152.730000,0,,
2026-03-02T15:14:06.085291Z,scan_candle,LT,2026-03-30,2026-03-02T00:00:00.999999,2026-03-02T20:42:34.569645,PE,4000.0,LT30MAR264000PE,131697,13,5,2030.462,1,2026-03-02T14:45:00+05:30,2026-03-02T15:15:00+05:30,82.0,87.6,81.65,86.5,82.0,86.5,1.8,147.6,5.4878,86.500000>147.600000,0,,
2026-03-02T15:14:06.085291Z,backtest_end,,,,,,,,,,,,,,,,,,,,,,,,,,,"{""scripts_scanned"": 1, ""scripts_total"": 1, ""strikes_scanned"": 96, ""strikes_total"": 96, ""instruments_missing"": 48, ""candles_missing"": 27, ""signals"": 0, ""aborted"": false}"
